가,JKS,0,0,1,POS
가,VV,0,0,1,POS
가,JKC,0.470588235,0.235294118,0.294117647,NEG
가,JKS,0.464285714,0.080357143,0.410714286,NEG
가,VV,0.545454545,0.181818182,0.181818182,NEG
가,VX,0.333333333,0,0.555555556,POS
가격,NNG,0,0,1,POS
가까이,MAG,0.5,0,0.5,NEG
가깝,VA,0.5,0,0.5,NEG
가꾸,VV,0,0,1,POS
가늠,NNG,0,0,1,POS
가능,NNG,1,0,0,NEG
가능,NNG,0.25,0.375,0.375,NEUT
가능,XR,0.4,0.2,0.4,NEG
가도,NNG,0,0,1,POS
가득,MAG,0.5,0,0.5,NEG
가로막히,VV,1,0,0,NEG
가르치,VV,0.5,0,0.5,NEG
가리,VV,0,0,1,POS
가사,NNG,1,0,0,NEG
가스,NNG,1,0,0,NEG
가슴,NNG,0.2,0.2,0.4,POS
가을,NNG,0,1,0,NEUT
가장,MAG,0.35483871,0,0.612903226,POS
가족,NNG,0.4,0,0.6,POS
가증,XR,1,0,0,NEG
가지,NNB,1,0,0,NEG
가지,VV,0.222222222,0.111111111,0.555555556,POS
가책,NNG,1,0,0,NEG
가출,NNG,1,0,0,NEG
가치,NNG,0,0.2,0.8,POS
가타부타,NNG,0,1,0,NEUT
가파르,VA,1,0,0,NEG
가하,VV,1,0,0,NEG
각광,NNG,0,0,1,POS
각국,NNG,0,0,1,POS
각별,XR,0,0,1,POS
각별히,MAG,0,0,1,POS
각성,NNG,0,0,1,POS
각양각색,NNG,0,0,1,POS
각종,NNG,1,0,0,NEG
간,NNB,1,0,0,NEG
간곡,XR,0,0,1,POS
간단히,MAG,0,0,1,POS
간밤,NNG,0,0,1,POS
간신히,MAG,0.5,0,0,NEG
간주,NNG,1,0,0,NEG
간첩,NNG,1,0,0,NEG
간편,XR,0,0,1,POS
간호,NNG,0,0,1,POS
갇히,VV,0.5,0,0,COMP
갈구,NNG,0,0,1,POS
갈등,NNG,1,0,0,NEG
갈수록,MAG,1,0,0,NEG
갈피,NNG,0.5,0,0.5,NEG
감,NNG,0.5,0,0.5,NEG
감각,NNG,1,0,0,NEG
감내,NNG,1,0,0,NEG
감독,NNG,0.333333333,0.333333333,0.333333333,NEG
감동,NNG,0,0,1,POS
감사,NNG,0,0,1,POS
감칠맛,NNG,0,0,1,POS
감탄사,NNG,0,0,1,POS
갑자기,MAG,0.25,0.5,0,NEUT
갑작스레,MAG,0,1,0,NEUT
값,NNG,0.2,0,0.8,POS
값싸,VA,0,0,1,POS
강군,NNG,0,0,1,POS
강단,NNG,0,0,1,POS
강도,NNG,0.5,0,0.5,NEG
강력,XR,0.5,0,0.5,NEG
강렬,XR,0,0,1,POS
강물,NNG,1,0,0,NEG
강박,NNG,1,0,0,NEG
강요,NNG,1,0,0,NEG
강의,NNG,1,0,0,NEG
강점,NNG,0,0,1,POS
강제,NNG,0,0,1,POS
강조,NNG,0,0.2,0.8,POS
강하,VA,0,0,1,POS
강화,NNG,0.25,0,0.75,POS
강화책,NNG,0,0,1,POS
갖,VV,0.5,0,0.5,NEG
갖가지,NNG,1,0,0,NEG
갖추,VV,0,0,1,POS
같,VA,0.333333333,0.142857143,0.238095238,NEG
같이,JKB,1,0,0,NEG
같이,MAG,0.5,0,0.5,NEG
갚,VV,0,0,1,POS
개,NNG,0,0,1,POS
개념,NNG,0,0,1,POS
개방,NNG,1,0,0,NEG
개선,NNG,0.333333333,0,0.666666667,POS
개성,NNG,0,0,1,POS
개인,NNG,0,0,0.5,COMP
개입,NNG,1,0,0,NEG
개조,NNG,1,0,0,NEG
개척,NNG,0,0,1,POS
개혁,NNG,0.5,0,0.5,NEG
객관,NNG,0.5,0,0.5,NEG
거,NNB,1,0,0,NEG
거,NP,1,0,0,NEG
거꾸로,MAG,0,0,0,None
거나,EC,0.5,0.25,0.125,NEG
거느리,VV,1,0,0,NEG
거대,XR,0,0,0,COMP
거두,VV,0,0,1,POS
거듭,MAG,0,0,0,None
거듭나,VV,0,0,1,POS
거룩,XR,1,0,0,NEG
거리,NNG,1,0,0,NEG
거리낌,NNG,0,0,1,POS
거봉,NNG,0,0,1,POS
거부,NNG,1,0,0,NEG
거세,NNG,1,0,0,NEG
거세,VA,0,0,1,POS
거울,NNG,0,0,1,POS
거의,MAG,0.333333333,0,0.166666667,None
거짓,NNG,0.666666667,0,0.333333333,NEG
거짓말,NNG,1,0,0,NEG
거치,VV,0.5,0,0.5,NEG
거칠,VA,0,0,1,POS
거푸집,NNG,0,0,1,POS
거품,NNG,0,0,1,POS
걱정,NNG,1,0,0,NEG
건,NNB,1,0,0,NEG
건강,NNG,0,0,1,POS
건대,EC,0,0,0,None
건드리,VV,1,0,0,NEG
건물,NNG,1,0,0,NEG
건배,NNG,1,0,0,NEG
건수,NNG,1,0,0,NEG
건실,XR,0,0,1,POS
건의,NNG,0,0,1,POS
건전,NNG,0,0,1,POS
건축,NNG,0,0.333333333,0.666666667,POS
건축물,NNG,1,0,0,NEG
걷,VV,1,0,0,NEG
걸,VV,0.25,0,0.75,POS
걸리,VV,1,0,0,NEG
걸림돌,NNG,1,0,0,NEG
걸맞,VA,0,0,1,POS
검사,NNG,1,0,0,NEG
검토,NNG,0,0,0.5,COMP
겁,NNG,0,1,0,NEUT
것,NNB,0.253968254,0.063492063,0.238095238,None
게,JKB,1,0,0,NEG
게,EC,0.32,0.056,0.568,POS
게다가,MAG,0,0,0,None
게든,EC,0,0,0,None
게양,NNG,1,0,0,NEG
게을리,MAG,1,0,0,NEG
게임,NNG,0,0,1,POS
겠,EP,0.3125,0.09375,0.25,None
겨냥,NNG,0,0,1,POS
겨우,MAG,0.5,0,0,NEG
겨울,NNG,0,0,1,POS
격,NNB,0,0,1,POS
격려,NNG,0,0,1,POS
격상,NNG,0,0,1,POS
격차,NNG,0,0,1,POS
겪,VV,1,0,0,NEG
견디,VV,0,0,1,POS
견해,NNG,0,0,0,COMP
결,NNG,0,0,1,POS
결국,NNG,0.5,0,0,NEG
결단,NNG,1,0,0,NEG
결론,NNG,0.5,0,0.5,NEG
결속,NNG,0,0,1,POS
결심,NNG,0.5,0.25,0.25,NEG
결여,NNG,1,0,0,NEG
결의,NNG,0,0,1,POS
결정,NNG,0.5,0,0,COMP
결집,NNG,0,0,1,POS
결코,MAG,0,0,0.5,None
결함,NNG,1,0,0,NEG
결혼,NNG,0.4,0.2,0.4,NEG
결혼식,NNG,0,0,1,POS
겹치,VV,0,0,1,POS
경각심,NNG,1,0,0,NEG
경고,NNG,1,0,0,NEG
경보,NNG,0,0,1,POS
경색,NNG,0,1,0,NEUT
경우,NNG,0.333333333,0.666666667,0,NEUT
경쟁,NNG,0.5,0,0.5,NEG
경제,NNG,0.4,0.2,0.4,NEG
경제력,NNG,0,0,1,POS
경주,NNP,0,0,1,POS
경지,NNG,1,0,0,NEG
경직,NNG,0,0,1,POS
경향,NNG,0.333333333,0.333333333,0.333333333,NEG
경험,NNG,0,0,1,POS
곁,NNG,0,0,1,POS
곁들이,VV,0,1,0,NEUT
계,XSN,0,0,1,POS
계기,NNG,0,0,1,POS
계속,MAG,1,0,0,NEG
계속,NNG,0,0.5,0,COMP
계통,NNG,0,1,0,NEUT
계획,NNG,0,0,1,POS
고,EC,0,0,1,POS
고,EC,0.35,0.1,0.433333333,POS
고,JKQ,0.411764706,0.058823529,0.529411765,POS
고,XPN,0,0,1,POS
고갈,NNG,1,0,0,NEG
고개,NNG,0.5,0,0.5,NEG
고객,NNG,0.333333333,0,0.666666667,POS
고구려,NNP,0,0,1,POS
고급,NNG,1,0,0,NEG
고기,NNG,0,1,0,NEUT
고달프,VA,0,0,1,POS
고대,NNG,0,0,1,POS
고도,NNG,0,0,0,COMP
고독,NNG,1,0,0,NEG
고되,VA,1,0,0,NEG
고루,XR,0,0,1,POS
고르,VA,1,0,0,NEG
고리타분,XR,1,0,0,NEG
고립,NNG,1,0,0,NEG
고립무원,NNG,1,0,0,NEG
고마움,NNG,0,0,1,POS
고무,NNG,0.5,0,0.5,NEG
고민,NNG,0.75,0,0.25,NEG
고발,NNG,1,0,0,NEG
고백,NNG,0,0,0,None
고비,NNG,0,0,1,POS
고삐,NNG,1,0,0,NEG
고심,NNG,1,0,0,NEG
고액,NNG,0,0,1,POS
고양,NNG,0,0,1,POS
고유,NNG,0,0,1,POS
고육지책,NNG,1,0,0,NEG
고육책,NNG,1,0,0,NEG
고이,VV,1,0,0,NEG
고자,EC,0,0,0.4,None
고장,NNG,1,0,0,NEG
고조,NNG,0.5,0,0.5,NEG
고질,NNG,1,0,0,NEG
고질병,NNG,1,0,0,NEG
고집,NNG,0.5,0,0.5,NEG
고충,NNG,0,0,1,POS
고층,NNG,1,0,0,NEG
고치,VV,0,1,0,NEUT
고통,NNG,1,0,0,NEG
고향,NNG,0,0,1,POS
곡,NNG,1,0,0,NEG
곤란,NNG,0.666666667,0.333333333,0,NEG
곤혹,NNG,1,0,0,NEG
곧,MAG,1,0,0,NEG
골,NNG,1,0,0,NEG
골고루,MAG,0,0,1,POS
골절,NNG,0,0,1,POS
골치,NNG,1,0,0,NEG
곰,NNG,1,0,0,NEG
곳,NNG,0.166666667,0.166666667,0.5,POS
공간,NNG,0,0,1,POS
공감,NNG,0,0,1,POS
공감대,NNG,0,0,1,POS
공급,NNG,0,0,1,POS
공기,NNG,0,0,1,POS
공동체,NNG,0,0,1,POS
공멸,NNG,0,0,1,POS
공백,NNG,0.5,0,0.5,NEG
공부,NNG,0.666666667,0,0.333333333,NEG
공산,NNG,1,0,0,NEG
공상,NNG,1,0,0,NEG
공식,NNG,1,0,0,NEG
공연,NNG,0.5,0,0.5,NEG
공연,XR,1,0,0,NEG
공유,NNG,0,0,1,POS
공장,NNG,1,0,0,NEG
공장장,NNG,1,0,0,NEG
공조,NNG,0,0,1,POS
공존,NNG,0,0,1,POS
공짜,NNG,0,0,1,POS
공통,NNG,1,0,0,NEG
공포,NNG,0.5,0,0.5,NEG
공화국,NNG,0,0,1,POS
과,JKB,0.5,0,0.5,NEG
과,JC,0.346153846,0.038461538,0.576923077,POS
과,JKB,0.272727273,0.090909091,0.636363636,POS
과감,XR,0,0,1,POS
과거,NNG,0.25,0.25,0.5,POS
과다,NNG,1,0,0,NEG
과대,NNG,1,0,0,NEG
과도,NNG,1,0,0,NEG
과반수,NNG,1,0,0,NEG
과시,NNG,1,0,0,NEG
과연,MAG,0,0,0,COMP
과열,NNG,0.5,0,0.5,NEG
과오,NNG,1,0,0,NEG
과외,NNG,0,0,1,POS
과욕,NNG,1,0,0,NEG
과잉,NNG,1,0,0,NEG
과장,NNG,1,0,0,NEG
과제,NNG,0.4,0,0.4,NEG
과중,NNG,1,0,0,NEG
과중,XR,1,0,0,NEG
과학,NNG,1,0,0,NEG
관객,NNG,0.5,0,0.5,NEG
관계,NNG,0.428571429,0.142857143,0.428571429,NEG
관계자,NNG,1,0,0,NEG
관광,NNG,0,0,1,POS
관광객,NNG,0,1,0,NEUT
관람객,NNG,0,0,1,POS
관리,NNG,1,0,0,NEG
관심,NNG,0.142857143,0,0.857142857,POS
관심거리,NNG,0,0,1,POS
관심사,NNG,0,0,0,COMP
관여,NNG,0,1,0,NEUT
관점,NNG,0.5,0,0,COMP
관철,NNG,1,0,0,NEG
관하,VV,0,0,1,POS
광복,NNG,0,0,1,POS
광활,XR,0,0,1,POS
괜하,VA,0,0,0,None
괴로워하,VV,1,0,0,NEG
괴팍,XR,0,0,1,POS
교단,NNG,1,0,0,NEG
교류,NNG,0.5,0,0.5,NEG
교류설,NNG,0,1,0,NEUT
교수,NNG,0,0,1,POS
교역전,NNG,0,0,1,POS
교육,NNG,0.333333333,0,0.666666667,POS
교통,NNG,1,0,0,NEG
교포,NNG,1,0,0,NEG
교환전,NNG,0,0,1,POS
교회,NNG,1,0,0,NEG
교훈,NNG,0.5,0,0.5,NEG
구걸,NNG,1,0,0,NEG
구경,NNG,0,0,1,POS
구나,EC,1,0,0,NEG
구별,NNG,0,0,1,POS
구분,NNG,0,1,0,NEUT
구상,NNG,0,1,0,NEUT
구석,NNG,0,0,1,POS
구설수,NNG,1,0,0,NEG
구식,NNG,1,0,0,NEG
구실,NNG,0,0,0,None
구애,NNG,0,0,1,POS
구입,NNG,1,0,0,NEG
구제,NNG,0,0,1,POS
구체,NNG,0,0,1,POS
구태,NNG,1,0,0,NEG
구토,NNG,0,1,0,NEUT
구하,VV,0,0,1,POS
국가,NNG,1,0,0,NEG
국교,NNG,1,0,0,NEG
국군,NNG,1,0,0,NEG
국기,NNG,1,0,0,NEG
국내,NNG,0,0,1,POS
국무,NNG,0,0,1,POS
국민,NNG,0,0,0.666666667,POS
국민학생,NNG,0,0,1,POS
국방,NNG,0,0,1,POS
국보,NNG,0,0,1,POS
국제,NNG,0,0,1,POS
군,EF,1,0,0,NEG
군국주의,NNG,1,0,0,NEG
군도,NNG,1,0,0,NEG
군살,NNG,0.5,0,0.5,NEG
굳,VV,0,0,1,POS
굳이,MAG,1,0,0,NEG
굵,VA,0,0,1,POS
굵직,XR,1,0,0,NEG
굶주리,VV,1,0,0,NEG
굶주림,NNG,0,0,1,POS
굿,NNG,0,0,1,POS
궁상,NNG,1,0,0,NEG
궁전,NNG,0,0,1,POS
궁중,NNG,1,0,0,NEG
궁핍,NNG,1,0,0,NEG
권,NNG,0,0,1,POS
권,XSN,0.666666667,0,0.333333333,NEG
권고,NNG,0,0,1,POS
권력,NNG,1,0,0,NEG
권력욕,NNG,1,0,0,NEG
권위,NNG,0,0,1,POS
권위주의,NNG,1,0,0,NEG
권하,VV,0,0,1,POS
궤변,NNG,1,0,0,NEG
귀,NNG,0.5,0.5,0,NEG
귀엽,VA,1,0,0,NEG
규명,NNG,0,0,1,POS
규모,NNG,0,0,1,POS
규정,NNG,0,0,1,POS
규제,NNG,1,0,0,NEG
균,NNG,0,0,1,POS
균형,NNG,1,0,0,NEG
그,MM,0.230769231,0.153846154,0.538461538,POS
그,NP,0.5,0,0.3,NEG
그것,NP,0.666666667,0.333333333,0,NEG
그나마,MAG,0,0,0,None
그냥,MAG,1,0,0,NEG
그늘,NNG,0.5,0,0.5,NEG
그대로,MAG,0.4,0,0.6,POS
그동안,NNG,0,0,1,POS
그때,NNG,0,0,1,POS
그래,IC,0,0,0.5,None
그래서,MAJ,0,0,0,None
그러,VV,1,0,0,NEG
그러,VV,0,0,0.2,None
그러나,MAJ,0.042553191,0,0.042553191,None
그러니까,MAJ,1,0,0,NEG
그러므로,MAJ,0,1,0,NEUT
그런,MM,0.25,0,0.25,COMP
그런데,MAJ,0,0,0,None
그럼,NNG,0,0,0,None
그렇,VA,0,0,0,None
그렇,VA,0.5,0,0.25,NEG
그렇지만,MAJ,0,0,1,POS
그룹,NNG,0,0,1,POS
그르,VA,1,0,0,NEG
그르치,VV,1,0,0,NEG
그리,MAG,0.75,0,0.25,NEG
그리,VV,0.4,0,0.2,COMP
그리고,MAJ,0.5,0,0.5,NEG
그리하여,MAJ,1,0,0,NEG
그림,NNG,0.5,0,0.5,NEG
그분,NP,1,0,0,NEG
그야말로,MAG,0,0,0,None
그저,MAG,0.5,0,0,NEG
그지없,VA,1,0,0,NEG
그치,VV,0.666666667,0,0.333333333,NEG
극,NNG,0,0,0.5,COMP
극단,NNG,1,0,0,NEG
극대,NNG,1,0,0,NEG
극복,NNG,0.333333333,0,0.666666667,POS
극심,XR,1,0,0,NEG
극장,NNG,0,0,1,POS
극찬,NNG,0,0,1,POS
극히,MAG,1,0,0,NEG
근근이,MAG,1,0,0,NEG
근데,MAJ,0,0,0,None
근로,NNG,1,0,0,NEG
근면,NNG,0,0,1,POS
근본,NNG,0,0,1,POS
근성,NNG,0,0,1,POS
근시안,NNG,1,0,0,NEG
근절,NNG,0.5,0,0.5,NEG
근현대,NNG,0,0,1,POS
글,NNG,0.5,0,0.5,NEG
글라스울,NNG,0,0,1,POS
글쎄,IC,0,0,0,None
글씨,NNG,1,0,0,NEG
금물,NNG,1,0,0,NEG
금세,MAG,0,0,0,None
금융,NNG,1,0,0,NEG
금하,VV,1,0,0,NEG
급,NNG,0,0,1,POS
급격히,MAG,1,0,0,NEG
급급,XR,1,0,0,NEG
급기야,MAG,0,0,0,None
급속히,MAG,1,0,0,NEG
긍정,NNG,0,0,1,POS
기,ETN,0.157303371,0.06741573,0.325842697,None
기,NNG,0,0,1,POS
기,XSN,1,0,0,NEG
기강,NNG,1,0,0,NEG
기구,XR,1,0,0,NEG
기금,NNG,0,0,1,POS
기나길,VA,0,0,1,POS
기냥,MAG,1,0,0,NEG
기념,NNG,0,0,1,POS
기능,NNG,0,0,1,POS
기다리,VV,0,0,1,POS
기대,NNG,0,0,1,POS
기대주,NNG,0,0,1,POS
기도,NNG,0,0,1,POS
기량,NNG,0,0,1,POS
기록,NNG,0,0,1,POS
기만,NNG,1,0,0,NEG
기반,NNG,0,0,1,POS
기본,NNG,0,0,1,POS
기분,NNG,0.5,0.5,0,NEG
기뻐하,VV,0,0,1,POS
기쁘,VA,0,0,1,POS
기쁨,NNG,0,0,1,POS
기색,NNG,0,0,0,COMP
기소,NNG,1,0,0,NEG
기술,NNG,1,0,0,NEG
기약,NNG,1,0,0,NEG
기억,NNG,0,1,0,NEUT
기억나,VV,0,0,1,POS
기업,NNG,0.5,0,0.5,NEG
기여,NNG,0,0,1,POS
기운,NNG,0,0,1,POS
기울이,VV,1,0,0,NEG
기적,NNG,0,0,1,POS
기존,NNG,0,0,1,POS
기준,NNG,1,0,0,NEG
기증,NNG,0,0,1,POS
기초,NNG,0,0,1,POS
기피,NNG,0.5,0,0,NEG
기형아,NNG,1,0,0,NEG
기회,NNG,0,0,1,POS
기회주의,NNG,1,0,0,NEG
기획,NNG,0,0,1,POS
기획물,NNG,1,0,0,NEG
긴급,NNG,1,0,0,NEG
긴박,NNG,0,0,1,POS
긴장,NNG,1,0,0,NEG
긴장감,NNG,1,0,0,NEG
길,NNG,0.625,0,0.375,NEG
길,VA,0,0,1,POS
길들이,VV,0,0,1,POS
길이,MAG,0,0,1,POS
길이,NNG,1,0,0,NEG
김,NNB,0,0,0,None
깃들,VV,0,0,1,POS
깃발,NNG,0,0,1,POS
깊,VA,0.75,0,0.25,NEG
까다롭,VA,1,0,0,NEG
까닭,NNG,0,0.5,0.5,NEUT
까맣,VA,1,0,0,NEG
까먹,VV,0,1,0,NEUT
까지,JX,0.136363636,0,0.181818182,None
깎,VV,1,0,0,NEG
깎아지르,VA,1,0,0,NEG
깔리,VV,0,0.5,0.5,NEUT
깜깜,MAG,1,0,0,NEG
깜찍,XR,0,0,0,COMP
깨,VV,0,0.5,0.5,NEUT
깨끗,XR,0,0,1,POS
깨닫,VV,0.25,0,0.75,POS
깨우치,VV,0,0,1,POS
깨치,VV,0.5,0,0.5,NEG
꺼내,VV,0.333333333,0.333333333,0,COMP
꺼리,VV,1,0,0,NEG
꺼멓,VA,1,0,0,NEG
꺾이,VV,1,0,0,NEG
껍데기,NNG,1,0,0,NEG
껍질,NNG,1,0,0,NEG
께,JKB,1,0,0,NEG
꼬,VV,1,0,0,NEG
꼭,MAG,0,0,0.666666667,POS
꼴,XSN,0,0,0,None
꼼꼼,XR,0,0,1,POS
꼽,VV,0,0,1,POS
꼽히,VV,0,0,1,POS
꽃,NNG,0,0,1,POS
꽃잎,NNG,0,0,1,POS
꽤,MAG,0,0,1,POS
꾸,VV,0,1,0,NEUT
꾸미,VV,0,0,1,POS
꾸준히,MAG,0.5,0,0.5,NEG
꾸짖,VV,1,0,0,NEG
꾼,XSN,1,0,0,NEG
꿀,NNG,1,0,0,NEG
꿀단지,NNG,1,0,0,NEG
꿀통,NNG,1,0,0,NEG
꿈,NNG,0,0.428571429,0.428571429,NEUT
꿈꾸,VV,0.5,0,0.5,NEG
끄덕이,VV,0,0,1,POS
끈끈,XR,1,0,0,NEG
끈적끈적,MAG,0,1,0,NEUT
끊,VV,0.333333333,0,0.666666667,POS
끊기,VV,1,0,0,NEG
끊임없이,MAG,0,0,0.5,COMP
끌,VV,0,0,1,POS
끌어당기,VV,0,0,1,POS
끝,NNG,0.4,0,0.4,NEG
끝내,VV,1,0,0,NEG
끼,NNG,0,0,1,POS
ㄴ,ETM,0.370242215,0.058823529,0.474048443,POS
ㄴ,JX,0.409090909,0.045454545,0.318181818,NEG
ㄴ가,EC,0.333333333,0,0,None
ㄴ가,EF,0.333333333,0,0,None
ㄴ다,EF,0,0,1,POS
ㄴ다,EC,0,0.6,0.2,NEUT
ㄴ다,EF,0.352941176,0,0.529411765,POS
ㄴ다고,EC,0.375,0.25,0.25,NEG
ㄴ다는,ETM,0.444444444,0,0.444444444,NEG
ㄴ다며,EC,0,0,1,POS
ㄴ다면,EC,0,0,0,None
ㄴ다면,EF,0,0,0,None
ㄴ다지만,EC,0,0,0,None
ㄴ답니다,EF,0,0,1,POS
ㄴ데,EC,0,0,0,None
ㄴ데,EF,0,0,0,None
ㄴ들,EC,0,0,1,POS
ㄴ듯,EC,0,0,0.5,None
ㄴ지,EC,0.333333333,0.166666667,0,None
나,NP,1,0,0,NEG
나,EC,0.666666667,0,0.333333333,NEG
나,JC,0,0.25,0.75,POS
나,JX,0.142857143,0,0.285714286,None
나,NNP,1,0,0,NEG
나,NP,0.55,0,0.4,NEG
나,VV,0.285714286,0,0.714285714,POS
나,VX,0,0,1,POS
나가,VV,0.25,0.25,0.5,POS
나가,VX,1,0,0,NEG
나귀,NNG,1,0,0,NEG
나누,VV,0,0,0.666666667,POS
나돌,VV,1,0,0,NEG
나라,NNG,0.5,0,0.5,NEG
나름,NNB,0,0,1,POS
나무,NNG,0.5,0,0.5,NEG
나무라,VV,1,0,0,NEG
나비,NNG,0.25,0.75,0,NEUT
나쁘,VA,1,0,0,NEG
나서,VV,0.166666667,0,0.833333333,POS
나아가,VV,0,0,0.5,None
나약,XR,0,0,1,POS
나오,VV,0.428571429,0,0.5,POS
나요,EF,1,0,0,NEG
나이,NNG,0.2,0,0.4,COMP
나중,NNG,0,0,1,POS
나타나,VV,0,0,1,POS
나타내,VV,0.5,0,0.5,NEG
낙천,NNG,0,0,0,COMP
낙후,NNG,1,0,0,NEG
난리,NNG,1,0,0,NEG
난투극,NNG,1,0,0,NEG
난해,XR,1,0,0,NEG
날,NNG,0.5,0,0,COMP
날씬,XR,0,0,1,POS
날카롭,VA,0,0,1,POS
남,NNG,0.75,0,0.25,NEG
남,VV,1,0,0,NEG
남녀,NNG,0,0,1,POS
남미,NNP,0,0,1,POS
남발,NNG,1,0,0,NEG
남방,NNG,0,1,0,NEUT
남산,NNP,0,0,1,POS
남성,NNG,0,0,1,POS
남자,NNG,1,0,0,NEG
남쪽,NNG,0,1,0,NEUT
남편,NNG,0.75,0,0.25,NEG
남한,NNP,0,0,1,POS
납득,NNG,1,0,0,NEG
낫,VA,0,0,1,POS
낭랑,XR,0,0,1,POS
낮,VA,1,0,0,NEG
낮추,VV,0.5,0,0.5,NEG
낯익,VA,0,0,1,POS
낳,VV,1,0,0,NEG
내,NP,1,0,0,NEG
내,NP,0.5,0.5,0,NEG
내,VV,0.5,0,0.5,NEG
내,VX,0.333333333,0.166666667,0.5,POS
내걸,VV,0,0,1,POS
내내,MAG,1,0,0,NEG
내년,NNG,0,0,1,POS
내놓,VV,0.25,0,0.75,POS
내다보이,VV,1,0,0,NEG
내려오,VV,0,0,1,POS
내리,MAG,0,0,0,None
내리,VV,0.333333333,0.333333333,0.333333333,NEG
내맘,NNG,0,0,1,POS
내면,NNG,0,0,0,COMP
내밀,VV,1,0,0,NEG
내버리,VV,1,0,0,NEG
내부,NNG,1,0,0,NEG
내성,NNG,0,0,1,POS
내세우,VV,0,0,1,POS
내실,NNG,0,0,1,POS
내용,NNG,0.333333333,0,0.666666667,POS
내용물,NNG,0,0,1,POS
내일,NNG,1,0,0,NEG
내지,MAG,0,0,0,None
내치,VV,0,0,0,None
내포,NNG,1,0,0,NEG
냄새,NNG,1,0,0,NEG
냉소,NNG,1,0,0,NEG
냉정,XR,1,0,0,NEG
냐,EF,0,0,1,POS
냐는,ETM,1,0,0,NEG
너무,MAG,0.714285714,0,0.142857143,NEG
너무나,MAG,0.75,0.25,0,NEG
너희,NP,0.5,0,0.5,NEG
널리,MAG,0,0,1,POS
넓,VA,0,0,1,POS
넘,VV,1,0,0,NEG
넘기,VV,0,0,1,POS
넘어서,VV,0,0.2,0.8,POS
넘치,VV,0,0,1,POS
넣,VV,1,0,0,NEG
네,EC,0.5,0.5,0,NEG
네,EF,1,0,0,NEG
네,NP,0,0,1,POS
네요,EF,1,0,0,NEG
년,NNB,0.636363636,0.090909091,0.272727273,NEG
년대,NNB,0,0,1,POS
노골,NNG,1,0,0,NEG
노동,NNG,1,0,0,NEG
노동자,NNG,0.5,0,0.5,NEG
노래,NNG,0.25,0.25,0.5,POS
노려보,VV,1,0,0,NEG
노력,NNG,0,0,1,POS
노면,NNG,1,0,0,NEG
노안,NNG,0,0,1,POS
노예,NNG,1,0,0,NEG
노을,NNG,0,0,1,POS
녹,VV,0,0,1,POS
녹슬,VV,1,0,0,NEG
녹아내리,VV,0,0,1,POS
녹음,NNG,0,0,1,POS
논란,NNG,0.8,0,0,NEG
논리,NNG,1,0,0,NEG
논의,NNG,0,0,1,POS
논쟁점,NNG,0,0,1,POS
논점,NNG,0,0,0,COMP
논하,VV,0,1,0,NEUT
놀라,VV,0,1,0,NEUT
놀랍,VA,0.333333333,0,0.333333333,NEG
놈,NNB,1,0,0,NEG
농법,NNG,0,0,1,POS
농사,NNG,0,0,1,POS
농업,NNG,1,0,0,NEG
농촌,NNG,1,0,0,NEG
높,VA,0.4,0.08,0.48,POS
높이,MAG,0,0,1,POS
높이,VV,0,0,1,POS
놓,VV,0.5,0,0.5,NEG
놓,VX,0.333333333,0.166666667,0.5,POS
놓치,VV,1,0,0,NEG
뇌,NNG,0,1,0,NEUT
누구,NP,1,0,0,NEG
누리,VV,0,0,1,POS
누설,NNG,1,0,0,NEG
누아르,NNG,0,0,1,POS
눈,NNG,0.357142857,0.071428571,0.5,POS
눈길,NNG,0,0,1,POS
눈물,NNG,1,0,0,NEG
눈부시,VA,0,0,1,POS
눈여겨보,VV,0,0,1,POS
눈치,NNG,1,0,0,NEG
뉴스,NNG,0,0,1,POS
느끼,VV,0.25,0.083333333,0.666666667,POS
느낌,NNG,0.2,0,0.8,POS
느냐,EC,0,0,0,None
느냐고,EC,0.5,0,0.5,NEG
느라,EC,1,0,0,NEG
는,ETM,1,0,0,NEG
는,ETM,0.4,0.064285714,0.385714286,NEG
는,JX,0.507936508,0.095238095,0.317460317,NEG
는가,EC,0,0,0,None
는가,EF,0,0,0,None
는다,EC,0.5,0,0.5,NEG
는다,EF,0,0,1,POS
는다는,ETM,0,0,1,POS
는다면,EC,0,0,1,POS
는데,EC,0.272727273,0.090909091,0.272727273,None
는지,EC,0.166666667,0.166666667,0.333333333,None
늘,VV,0.2,0,0.8,POS
늘어나,VV,0,0,1,POS
능력,NNG,0,0,1,POS
능숙,XR,0.5,0,0.5,NEG
능욕,NNG,1,0,0,NEG
늦,VA,1,0,0,NEG
늦추,VV,0,0,0.5,COMP
니,EC,0,0,0.333333333,None
니,EF,1,0,0,NEG
니까,EC,0,0,0.5,None
니까,EF,0.5,0,0,NEG
님,XSN,1,0,0,NEG
다,NNG,0,0,1,POS
다,EC,0.5,0.142857143,0.214285714,NEG
다,EF,0.435483871,0.177419355,0.225806452,NEG
다,JX,0,0,0,None
다,MAG,0,0,0.714285714,POS
다가,EC,0.5,0.5,0,NEG
다가가,VV,0,0,1,POS
다가오,VV,0.333333333,0,0.666666667,POS
다각,NNG,0,0,1,POS
다각도,NNG,0,0,1,POS
다거나,EC,0,0,0,None
다고,EC,0.357142857,0.178571429,0.285714286,NEG
다고,EF,0,0,0,None
다는,ETM,0.4,0.1,0.35,NEG
다는데,EC,0,0,1,POS
다니,VV,1,0,0,NEG
다르,VA,0,0,1,POS
다르,VA,0.333333333,0.333333333,0.333333333,NEG
다른,MM,0.333333333,0,0.666666667,POS
다리,NNG,1,0,0,NEG
다릿살,NNG,0,0,1,POS
다만,MAG,0,0,0,None
다며,EC,1,0,0,NEG
다면,EC,0.666666667,0,0,NEG
다소,MAG,0.5,0,0,NEG
다시,MAG,0.285714286,0,0.571428571,POS
다시금,MAG,0,0,1,POS
다시없,VA,1,0,0,NEG
다양,NNG,0,0,1,POS
다양,XR,0,0,1,POS
다음,NNG,1,0,0,NEG
다지,VV,0,0,1,POS
다짐,NNG,0,0,1,POS
다채,XR,0,0,1,POS
다치,VV,1,0,0,NEG
다투,VV,0,0,1,POS
다툼,NNG,1,0,0,NEG
단,MAJ,0,0,0,None
단,MM,0,0,0,None
단골,NNG,0,0,1,POS
단단,XR,1,0,0,NEG
단돈,NNG,0,0,1,POS
단맛,NNG,0,0,1,POS
단서,NNG,0,0,0,COMP
단순,XR,0,0,1,POS
단순히,MAG,0,0,0,None
단언,NNG,1,0,0,NEG
단적,NNG,0,0,1,POS
단절,NNG,1,0,0,NEG
단점,NNG,1,0,0,NEG
단정,NNG,0.5,0,0.5,NEG
단정,XR,0,0,1,POS
단지,MAG,1,0,0,NEG
단지,NNG,1,0,0,NEG
단체,NNG,1,0,0,NEG
단행,NNG,0,0,1,POS
닫,VV,1,0,0,NEG
달,NNG,0,0,1,POS
달갑잖,VA,1,0,0,NEG
달구,VV,0,0,1,POS
달라지,VV,0,0,1,POS
달래,VV,0,0,1,POS
달러,NNB,0,0,1,POS
달력,NNG,1,0,0,NEG
달리,MAG,0,0,0.5,None
달리,VV,0.333333333,0,0.666666667,POS
달빛,NNG,0,0,1,POS
달인,NNG,0,0,1,POS
달하,VV,1,0,0,NEG
닭,NNG,0,0,1,POS
담,VV,0.25,0.25,0.5,POS
담담히,MAG,0,0,1,POS
답,XSA,0,0,1,POS
답니다,EF,1,0,0,NEG
답변,NNG,0,0,1,POS
답하,VV,0,0,1,POS
당국,NNG,1,0,0,NEG
당당,MAG,0,0,1,POS
당면,NNG,1,0,0,NEG
당연,XR,0.2,0.2,0.4,POS
당연히,MAG,0,0,0.5,None
당하,VV,1,0,0,NEG
당하,XSV,1,0,0,NEG
당황,NNG,1,0,0,NEG
대,NNB,0.25,0,0.75,POS
대,VX,1,0,0,NEG
대,XPN,0,0,1,POS
대단,XR,0,0,1,POS
대단히,MAG,1,0,0,NEG
대로,JX,0,0,1,POS
대로,NNB,1,0,0,NEG
대립,NNG,1,0,0,NEG
대변,NNG,0,0,1,POS
대비,NNG,0,0,1,POS
대사,NNG,0,1,0,NEUT
대상,NNG,0.5,0,0.5,NEG
대수,NNG,0,0,1,POS
대신,NNG,1,0,0,NEG
대여,NNG,1,0,0,NEG
대응,NNG,0,0,1,POS
대입,NNG,1,0,0,NEG
대작,NNG,0,0,1,POS
대조,NNG,0,1,0,NEUT
대중,NNG,0.5,0,0.5,NEG
대지,NNG,0,0,1,POS
대책,NNG,1,0,0,NEG
대폭,MAG,0,0,1,POS
대표,NNG,0,0,1,POS
대하,VV,0.4,0,0.6,POS
대학,NNG,1,0,0,NEG
대항,NNG,1,0,0,NEG
대형,NNG,0,0,1,POS
더,MAG,0.173913043,0.086956522,0.695652174,POS
더라도,EC,0,0,0.25,None
더라면,EC,0.666666667,0,0,NEG
더러,JKB,0,0,0,None
더불,VV,0,0,0,None
더욱,MAG,0.444444444,0,0.444444444,NEG
더하,VV,0.333333333,0,0.666666667,POS
덕,NNG,0,0,1,POS
던,ETM,0.384615385,0.230769231,0.153846154,NEG
던가,EF,0.5,0,0,NEG
던지,VV,0.5,0,0.5,NEG
덜,VV,0,0,1,POS
덧붙이,VV,0,0,1,POS
덩어리,NNG,1,0,0,NEG
덮어놓,VV,1,0,0,NEG
데,NNB,0.166666667,0,0.5,POS
데리,VV,1,0,0,NEG
도,JX,0.328571429,0.014285714,0.214285714,None
도,NNG,0,0,1,POS
도둑,NNG,1,0,0,NEG
도드라지,VV,0,0,1,POS
도록,EC,0.222222222,0.055555556,0.222222222,None
도마,NNG,1,0,0,NEG
도망치,VV,1,0,0,NEG
도시,NNG,0,0,1,POS
도약,NNG,0,0,1,POS
도와주,VV,0,0,1,POS
도움,NNG,0,0,1,POS
도의,NNG,1,0,0,NEG
도입,NNG,0,0,1,POS
도저,XR,0,1,0,NEUT
도저히,MAG,1,0,0,NEG
도전,NNG,0.666666667,0,0.333333333,NEG
도처,NNG,0,1,0,NEUT
도취,NNG,0,0,1,POS
독과점,NNG,1,0,0,NEG
독립,NNG,1,0,0,NEG
독서,NNG,0,0,1,POS
독설,NNG,1,0,0,NEG
독자,NNG,1,0,0,NEG
독점,NNG,1,0,0,NEG
독특,NNG,0,0,1,POS
독특,XR,0,0,1,POS
돈,NNG,0.5,0,0.5,NEG
돋보이,VV,0,0,1,POS
돋아나,VV,1,0,0,NEG
돌,NNG,1,0,0,NEG
돌,VV,0,0,1,POS
돌리,VV,1,0,0,NEG
돌아가,VV,1,0,0,NEG
돌아서,VV,1,0,0,NEG
돌아앉,VV,1,0,0,NEG
돌아오,VV,0.333333333,0.333333333,0.333333333,NEG
돕,VV,0.25,0,0.75,POS
동,NNG,1,0,0,NEG
동료,NNG,0,0,1,POS
동무,NNG,1,0,0,NEG
동물,NNG,0,1,0,NEUT
동시,NNG,0,0,1,POS
동아리,NNG,0,0,1,POS
동안,NNG,0.666666667,0,0.333333333,NEG
동요,NNG,1,0,0,NEG
동의,NNG,0,0,1,POS
동이,NNG,1,0,0,NEG
동작,NNG,0,0,1,POS
동참,NNG,0,0,1,POS
동포,NNG,0,0,1,POS
되,VV,0.41509434,0.094339623,0.377358491,NEG
되,XSA,0,0,1,POS
되,XSV,0.4875,0.1,0.375,NEG
되도록,MAG,0,0,1,POS
되돌아보,VV,0,0,0,COMP
되살리,VV,0,0,1,POS
되찾,VV,0,0,1,POS
두,MM,0.75,0.25,0,NEG
두,VV,1,0,0,NEG
두드러지,VA,0,0,1,POS
두드러지,VV,1,0,0,NEG
두렵,VA,1,0,0,NEG
두르,VV,0,0,1,POS
둔갑,NNG,1,0,0,NEG
둘,NR,0,1,0,NEUT
둘러대,VV,1,0,0,NEG
뒤,NNG,0.25,0.25,0.5,POS
뒤떨어지,VV,1,0,0,NEG
뒤섞이,VV,0,0,0,COMP
뒤흔들,VV,1,0,0,NEG
뒷맛,NNG,1,0,0,NEG
뒷받침,NNG,0.75,0,0.25,NEG
드디어,MAG,0,0,0,None
드러나,VV,1,0,0,NEG
드러내,VV,0.666666667,0,0.333333333,NEG
드물,VA,0.333333333,0,0.333333333,COMP
득세,NNG,0,0,1,POS
든,EC,0,0,1,POS
든지,EC,0.333333333,0.333333333,0.333333333,NEG
듣,VV,1,0,0,NEG
들,VV,0.533333333,0.066666667,0.4,NEG
들,VX,0,0,1,POS
들,XSN,0.362318841,0.086956522,0.52173913,POS
들리,VV,0.333333333,0,0.666666667,POS
들썩거리,VV,1,0,0,NEG
들어가,VV,0.25,0.25,0.5,POS
들어오,VV,0,0.5,0.5,NEUT
들이,VV,1,0,0,NEG
들치,VV,0,0,1,POS
듬뿍,MAG,0,0,1,POS
듯,EC,0,0,0.25,None
듯,NNB,0.333333333,0,0.5,POS
등,NNB,0.272727273,0.272727273,0.454545455,POS
등급,NNG,1,0,0,NEG
등록,NNG,0,0,1,POS
등산,NNG,0,0,1,POS
등산인,NNG,0,0,1,POS
디,EC,1,0,0,NEG
디스크,NNG,1,0,0,NEG
디자이너,NNG,0,1,0,NEUT
디테일,NNG,0,1,0,NEUT
따뜻,XR,0,0,1,POS
따라가,VV,0,0,1,POS
따라서,MAJ,0,0,0,None
따로,MAG,0,1,0,NEUT
따르,VV,0.222222222,0.222222222,0.333333333,POS
따리,VV,1,0,0,NEG
따위,NNB,0.5,0,0,NEG
따지,VV,0,0,1,POS
딱하,VA,1,0,0,NEG
딸,NNG,1,0,0,NEG
땀,NNG,1,0,0,NEG
땅,NNG,1,0,0,NEG
때,NNG,0.363636364,0.272727273,0.363636364,NEG
때때로,MAG,1,0,0,NEG
때려치,VV,1,0,0,NEG
때문,NNB,0.166666667,0.25,0.083333333,None
떠나,VV,0.2,0.2,0.4,POS
떠들,VV,1,0,0,NEG
떠오르,VV,0.25,0,0.75,POS
떡,NNG,0,0,1,POS
떨,VV,0,0,1,POS
떨리,VV,0,0,0,COMP
떨어지,VV,0.25,0,0.75,POS
떨치,VV,1,0,0,NEG
떼,VV,0,1,0,NEUT
또,MAG,0.428571429,0,0.142857143,NEG
또는,MAG,0,0,1,POS
또래,NNG,0,0,1,POS
또한,MAG,0,0,0,None
똑같,VA,1,0,0,NEG
똑바로,MAG,1,0,0,NEG
뚝,MAG,0,1,0,NEUT
뚫,VV,0,0,1,POS
뛰,VV,0,0,1,POS
뛰어나,VA,0,0,1,POS
뛰어넘,VV,0,0,1,POS
뛰어다니,VV,1,0,0,NEG
뛰쳐나오,VV,0,0,1,POS
뜨,VV,0,0,0,COMP
뜨겁,VA,0,0.333333333,0.666666667,POS
뜯어보,VV,0,0,1,POS
뜻,NNG,0,0,1,POS
뜻밖에,MAG,0,0,0,None
띄,VV,0.2,0.2,0.6,POS
ㄹ,ETM,0.213903743,0.07486631,0.288770053,None
ㄹ,JKO,0.5,0,0,NEG
ㄹ게요,EF,0,0,1,POS
ㄹ까,EC,0.666666667,0,0,NEG
ㄹ까,EF,0,0.333333333,0,None
ㄹ까요,EF,0,0,0,None
ㄹ래,EF,0,0,0,None
ㄹ수록,EC,0,0,0,None
ㄹ지,EC,0,0,0,None
ㄹ지,EC,1,0,0,NEG
라,EC,0.058823529,0,0,None
라,EF,1,0,0,NEG
라고,EC,0.5,0.25,0.25,NEG
라고,JKQ,0.25,0.25,0.5,POS
라는,ETM,0.444444444,0,0.222222222,NEG
라니,EF,0,0,0,None
라니까,EF,1,0,0,NEG
라도,EC,0.333333333,0,0,None
라며,EC,0.666666667,0,0.333333333,NEG
라면,EC,0.5,0,0,NEG
라우,EF,1,0,0,NEG
란,ETM,1,0,0,NEG
랄까,EC,1,0,0,NEG
러,EC,0.5,0,0.5,NEG
러브,NNG,0.5,0,0.5,NEG
레크리에이션,NNG,0,0,1,POS
레포츠,NNG,0,0,1,POS
려,EC,0,0,0.5,None
려고,EC,0,0,0.25,None
려는,ETM,0.166666667,0.166666667,0.333333333,None
려다,EC,0,0,0,None
려면,EC,0.333333333,0,0,None
로,JKB,0.372881356,0.06779661,0.457627119,POS
로부터,JKB,1,0,0,NEG
로서,JKB,1,0,0,NEG
롭,XSA,0,0,1,POS
롭,XSA,0.142857143,0,0.857142857,POS
률,XSN,0.666666667,0,0.333333333,NEG
를,JKO,0.331210191,0.044585987,0.579617834,POS
리,NNB,0.5,0,0,NEG
리듬,NNG,0,0,1,POS
리라,EF,0,0,0,None
리란,ETM,0,0,1,POS
ㅁ,ETN,0.272727273,0,0.590909091,POS
마,EF,0,0,1,POS
마감,NNG,1,0,0,NEG
마냥,MAG,0,0,1,POS
마다,JX,0.5,0,0.5,NEG
마당,NNG,0,0,1,POS
마땅,XR,0,0,1,POS
마련,NNB,0.5,0.166666667,0,NEG
마렵,VA,1,0,0,NEG
마리산,NNP,0,0,1,POS
마비,NNG,0,1,0,NEUT
마시,VV,1,0,0,NEG
마약,NNG,1,0,0,NEG
마음,NNG,0.117647059,0.058823529,0.764705882,POS
마음껏,MAG,0,0,1,POS
마음먹,VV,0,1,0,NEUT
마인드,NNG,0,0,1,POS
마저,JX,0.333333333,0,0,None
마주치,VV,1,0,0,NEG
마지막,NNG,0,0,1,POS
마지못하,VA,1,0,0,NEG
마찬가지,NNG,1,0,0,NEG
마침,MAG,0,0,0,None
막,NNG,0,0,1,POS
막,VV,0.666666667,0,0.333333333,NEG
막다르,VA,1,0,0,NEG
막대,XR,0,0,1,POS
막막,XR,1,0,0,NEG
막중,XR,0,0,0.5,COMP
막히,VV,0,0,1,POS
만,JX,0.333333333,0.051282051,0.179487179,None
만,NNB,0,0,0.583333333,POS
만,NR,0.333333333,0,0.666666667,POS
만나,VV,0,0,1,POS
만능,NNG,0,0,1,POS
만들,VV,0.307692308,0.076923077,0.615384615,POS
만만찮,VA,0,1,0,NEUT
만물,NNG,0,0,1,POS
만족,NNG,1,0,0,NEG
만지,VV,1,0,0,NEG
만큼,JX,0,0,0.5,None
만큼,NNB,0,0,0.2,None
만화,NNG,0,0,1,POS
많,VA,0.565217391,0.043478261,0.391304348,NEG
많이,MAG,0.555555556,0.111111111,0.333333333,NEG
말,NNG,0.462962963,0.111111111,0.333333333,NEG
말,VV,0,1,0,NEUT
말,VX,0,0,0.333333333,None
말리,VV,0,0,1,POS
말문,NNG,1,0,0,NEG
말씀,NNG,0,0,1,POS
맛,NNG,0,0,1,POS
맛보,VV,0.5,0,0.5,NEG
맛있,VA,1,0,0,NEG
망동,NNG,1,0,0,NEG
망령,NNG,1,0,0,NEG
망상,NNG,1,0,0,NEG
망설이,VV,1,0,0,NEG
망하,VV,1,0,0,NEG
맞,VV,0.444444444,0,0.555555556,POS
맞서,VV,1,0,0,NEG
맞추,VV,0,0,1,POS
매기,VV,0,0,0,COMP
매끄럽,VA,0,0,1,POS
매끈,XR,0,0,1,POS
매니아,NNG,0,0,1,POS
매달리,VV,1,0,0,NEG
매력,NNG,0,0,1,POS
매우,MAG,0,0,1,POS
매일,NNG,1,0,0,NEG
매혹,NNG,0,0,1,POS
맥,NNG,0.5,0,0.5,NEG
맴돌,VV,1,0,0,NEG
맹종,NNG,1,0,0,NEG
맺,VV,0.5,0,0.5,NEG
머리,NNG,0.6,0.2,0.2,NEG
머무르,VV,1,0,0,NEG
머뭇거리,VV,1,0,0,NEG
먹,VV,0.666666667,0,0.333333333,NEG
먹이,VV,1,0,0,NEG
먼저,MAG,0.25,0,0.75,POS
멀,VA,1,0,0,NEG
메시지,NNG,0,0,1,POS
메우,VV,0,0,1,POS
며,EC,0.444444444,0.111111111,0.333333333,NEG
면,EC,0.296296296,0.111111111,0.37037037,POS
면,NNG,0,0,1,POS
면모,NNG,0,0,1,POS
면서,EC,0,0.5,0.5,NEUT
면적,NNG,0,0,1,POS
면허,NNG,0,0,1,POS
명,NNB,0.75,0.25,0,NEG
명백,XR,1,0,0,NEG
명백히,MAG,1,0,0,NEG
명분,NNG,0,0,1,POS
명성,NNG,0,0,1,POS
명소,NNG,0,0,1,POS
명시,NNG,1,0,0,NEG
명실공히,MAG,0,0,1,POS
명예,NNG,1,0,0,NEG
명인,NNG,0,0,1,POS
명징,XR,0,0.5,0.5,NEUT
명찰,NNG,0,0,1,POS
몇,MM,1,0,0,NEG
모델,NNG,0,0,1,POS
모델료,NNG,0,0,1,POS
모두,NNG,1,0,0,NEG
모두,MAG,0,0,1,POS
모두,NNG,0,1,0,NEUT
모든,MM,0.4,0,0.6,POS
모르,VV,0.6,0.1,0,NEG
모방,NNG,0,0,1,POS
모색,NNG,0,0,1,POS
모순,NNG,1,0,0,NEG
모습,NNG,0.666666667,0,0.333333333,NEG
모으,VV,0,0,1,POS
모이,VV,0.5,0.5,0,NEG
모자라,VV,1,0,0,NEG
모집,NNG,0,0,1,POS
모처럼,MAG,0,0,0,None
모험,NNG,1,0,0,NEG
모호,XR,0.5,0.5,0,NEG
목,NNG,0,0,1,POS
목메,VV,1,0,0,NEG
목소리,NNG,0.333333333,0,0.666666667,POS
목숨,NNG,1,0,0,NEG
목적,NNG,0,0.25,0.75,POS
목표,NNG,0,0,1,POS
몰두,NNG,0,0,1,POS
몰락,NNG,1,0,0,NEG
몰리,VV,0,0,1,POS
몰아닥치,VV,0,0,1,POS
몸,NNG,0.714285714,0,0.285714286,NEG
몸살,NNG,0,0,1,POS
몸서리치,VV,1,0,0,NEG
몹시,MAG,1,0,0,NEG
못,MAG,1,0,0,NEG
못,MAG,0.625,0,0.375,NEG
못내,MAG,1,0,0,NEG
못마땅,XR,1,0,0,NEG
못하,VV,0.5,0,0.5,NEG
못하,VX,0.862068966,0.034482759,0.068965517,NEG
몽골,NNP,0,0,1,POS
묘하,VA,0,0,0.5,COMP
무,XPN,0.625,0.125,0.25,NEG
무겁,VA,0,0,1,POS
무게,NNG,1,0,0,NEG
무관,XR,1,0,0,NEG
무극,NNG,0,0,1,POS
무난,XR,0,0,1,POS
무늬,NNG,1,0,0,NEG
무단,NNG,1,0,0,NEG
무대,NNG,0,0,1,POS
무덤,NNG,0,0,1,POS
무려,MAG,0,0,0,None
무례,NNG,1,0,0,NEG
무료,NNG,0,0,1,POS
무르익,VV,0,0,1,POS
무릅쓰,VV,1,0,0,NEG
무리,NNG,0.5,0,0.5,NEG
무모,NNG,1,0,0,NEG
무산,NNG,1,0,0,NEG
무섭,VA,1,0,0,NEG
무슨,MM,0.5,0.5,0,NEG
무심코,MAG,1,0,0,NEG
무엇,NP,0.090909091,0,0.363636364,POS
무용,NNG,0,0,1,POS
무척,MAG,1,0,0,NEG
무효,NNG,1,0,0,NEG
묵,VV,0,1,0,NEUT
문,NNG,0.5,0.5,0,NEG
문맹,NNG,1,0,0,NEG
문제,NNG,0.8,0.1,0.1,NEG
문제의식,NNG,0.5,0,0.5,NEG
문제점,NNG,1,0,0,NEG
문지르,VV,1,0,0,NEG
문턱,NNG,0,0,1,POS
문화,NNG,0.333333333,0,0.666666667,POS
문화재,NNG,0,0,1,POS
묻,VV,0.666666667,0,0.333333333,NEG
묻어나,VV,0,1,0,NEUT
묻히,VV,1,0,0,NEG
물,NNG,0.8,0,0.2,NEG
물,VV,1,0,0,NEG
물건,NNG,0,0,1,POS
물고기,NNG,0,0,1,POS
물러가,VV,0,0,1,POS
물론,MAG,0.125,0,0,None
물론,NNG,0,0,0,None
물살,NNG,0,0,1,POS
물음표,NNG,1,0,0,NEG
물질,NNG,0,0,1,POS
물체,NNG,0,1,0,NEUT
뭇,MM,0,1,0,NEUT
뭐,IC,1,0,0,NEG
뭐,NP,0.25,0,0.5,POS
므로,EC,0,0,1,POS
미,NNG,1,0,0,NEG
미국,NNP,0.25,0.25,0.5,POS
미국인,NNG,0,0,1,POS
미군,NNG,1,0,0,NEG
미끄럼,NNG,1,0,0,NEG
미끼,NNG,1,0,0,NEG
미디어,NNG,1,0,0,NEG
미래,NNG,0,0,1,POS
미만,NNG,1,0,0,NEG
미숙,XR,0.5,0,0.5,NEG
미술,NNG,0,0,1,POS
미술인,NNG,0,0,0,COMP
미워하,VV,0,0,1,POS
미제,NNG,1,0,0,NEG
미지수,NNG,1,0,0,NEG
미치,VV,0.75,0,0.25,NEG
미학,NNG,0.5,0,0.5,NEG
미형,NNG,0,0,1,POS
미화원,NNG,0,0,1,POS
민,NNG,0,0,1,POS
민법,NNG,1,0,0,NEG
민속품,NNG,0,0,1,POS
민족,NNG,0.5,0,0.5,NEG
민주,NNG,0,0,1,POS
민주주의,NNG,1,0,0,NEG
민중,NNG,0,0,0,COMP
민화,NNG,0,0,1,POS
믿,VV,0.666666667,0,0.333333333,NEG
믿음직,XR,0,0,1,POS
밀가루,NNG,0,0,1,POS
밀고,NNG,1,0,0,NEG
밀리,VV,0,0,1,POS
밀어내,VV,1,0,0,NEG
밑,NNG,1,0,0,NEG
ㅂ니까,EF,0.333333333,0,0.333333333,NEG
ㅂ니다,EC,0,0,1,POS
ㅂ니다,EF,0.181818182,0.090909091,0.727272727,POS
ㅂ시다,EF,0,0,1,POS
ㅂ시당,EF,0,0,1,POS
ㅂ시오,EF,0,0,1,POS
바,NNB,0,0,0,None
바꾸,VV,0.25,0,0.75,POS
바느질,NNG,0,1,0,NEUT
바늘,NNG,1,0,0,NEG
바닥,NNG,0,0,1,POS
바라,VV,0,0,1,POS
바람,NNB,0,0,0,None
바람,NNG,0.25,0,0.75,POS
바람직,XR,0.5,0,0.5,NEG
바로,MAG,0.166666667,0.166666667,0.333333333,None
바보,NNG,0,0,0,COMP
바짓가랑이,NNG,1,0,0,NEG
바치,VV,0,0,1,POS
바탕,NNG,0,0,1,POS
박수,NNG,0,0,1,POS
박시시,NNG,1,0,0,NEG
박장대소,NNG,0,0,1,POS
박테리아,NNG,0,1,0,NEUT
박해,NNG,1,0,0,NEG
밖,NNG,0.5,0,0,NEG
밖에,JX,0.2,0,0,None
반,NNG,0,0,1,POS
반,XPN,1,0,0,NEG
반갑,VA,0,0,1,POS
반대,NNG,1,0,0,NEG
반대편,NNG,1,0,0,NEG
반드시,MAG,0.5,0.5,0,NEG
반론,NNG,1,0,0,NEG
반면,NNG,0,0,0,None
반문,NNG,0,0,0,COMP
반박,NNG,1,0,0,NEG
반발,NNG,1,0,0,NEG
반복,NNG,0.5,0.5,0,NEG
반성,NNG,1,0,0,NEG
반어,NNG,0,1,0,NEUT
반영,NNG,1,0,0,NEG
반응,NNG,0,0,1,POS
반죽,NNG,0,0,1,POS
반짝이,VV,0,0,1,POS
반찬,NNG,0,0,1,POS
반추,NNG,0,1,0,NEUT
반항,NNG,0,1,0,NEUT
받,VV,0.451612903,0.032258065,0.516129032,POS
발,NNG,0,0,1,POS
발견,NNG,0,0,1,POS
발리,VV,1,0,0,NEG
발생,NNG,0.666666667,0,0.333333333,NEG
발언,NNG,0,0,0,COMP
발전,NNG,1,0,0,NEG
발표,NNG,0.166666667,0.333333333,0.333333333,NEUT
발현,NNG,0,0,1,POS
발휘,NNG,0,0,1,POS
발흥,NNG,0,0,1,POS
밝,VA,0.666666667,0,0.333333333,NEG
밝히,VV,0.294117647,0.176470588,0.411764706,POS
밟,VV,1,0,0,NEG
밤,NNG,0.25,0.25,0.25,COMP
밤낮,NNG,0.5,0,0.5,NEG
밥,NNG,1,0,0,NEG
방법,NNG,0.5,0,0.5,NEG
방불,XR,0,0,1,POS
방비,NNG,1,0,0,NEG
방송,NNG,0,0,1,POS
방수,NNG,0,0,1,POS
방심,NNG,1,0,0,NEG
방지,NNG,0.5,0,0.5,NEG
방침,NNG,0,0,1,POS
배,NNG,0.714285714,0,0.285714286,NEG
배,NNP,0,0.5,0.5,NEUT
배,VV,0,0,1,POS
배달,NNG,0,0,1,POS
배반,NNG,1,0,0,NEG
배상,NNG,1,0,0,NEG
배신,NNG,1,0,0,NEG
배우,NNG,0,0,1,POS
배우,VV,0.5,0,0.5,NEG
배창호,NNP,1,0,0,NEG
배척,NNG,1,0,0,NEG
배치,NNG,1,0,0,NEG
배타,NNG,0.666666667,0,0.333333333,NEG
백,NR,0.75,0.125,0.125,NEG
백만,NR,0,0.5,0.5,NEUT
백일하,NNG,1,0,0,NEG
백천,NR,0,0,1,POS
백화점,NNG,0,0,1,POS
밴드,NNG,1,0,0,NEG
버리,VV,1,0,0,NEG
버리,VX,0.5,0,0.333333333,NEG
버림받,VV,1,0,0,NEG
버젓이,MAG,1,0,0,NEG
버튼,NNG,0,0,1,POS
버티,VV,1,0,0,NEG
버팀목,NNG,0,0,1,POS
버팅기,VV,0,0,1,POS
벅차,VA,1,0,0,NEG
번,NNB,0.625,0.125,0.25,NEG
번들번들,MAG,1,0,0,NEG
번복,NNG,1,0,0,NEG
번식,NNG,0,0,1,POS
번영,NNG,0,0,1,POS
번지,VV,1,0,0,NEG
번호,NNG,0,0,1,POS
벌,VV,0,0,1,POS
벌레,NNG,0,1,0,NEUT
벌써,MAG,0.5,0,0,NEG
벌어지,VV,0.5,0,0.5,NEG
범인,NNG,1,0,0,NEG
범죄,NNG,1,0,0,NEG
범하,VV,1,0,0,NEG
법,NNG,1,0,0,NEG
법원,NNG,1,0,0,NEG
법칙,NNG,0,0,1,POS
벗,NNG,0,0,1,POS
벗,VV,0,0,1,POS
벗어나,VV,0,0,1,POS
베로나,NNP,0,0,1,POS
베풀,VV,0,0,1,POS
벼르,VV,0,0,1,POS
벽,NNG,0.4,0,0.6,POS
벽두,NNG,1,0,0,NEG
벽화,NNG,0,0,1,POS
변신,NNG,0,0,1,POS
변조,NNG,1,0,0,NEG
변하,VV,0,0,1,POS
변호사,NNG,1,0,0,NEG
변화,NNG,0.666666667,0,0.333333333,NEG
별,MM,1,0,0,NEG
별,NNG,0,0,1,POS
별도,NNG,0,0,1,POS
별따기,NNG,1,0,0,NEG
별로,MAG,0.5,0,0,NEG
별반,MAG,0,0,1,POS
별빛,NNG,0,0,1,POS
병,NNG,0.333333333,0,0.666666667,POS
병기,NNG,0,0,1,POS
병들,VV,1,0,0,NEG
병원,NNG,1,0,0,NEG
보,VV,0.5,0,0.5,NEG
보,VV,0.416666667,0.083333333,0.416666667,NEG
보,VX,0.363636364,0,0.454545455,POS
보건,NNG,0,0,1,POS
보내,VV,0,0,0,COMP
보다,JKB,0.083333333,0,0.625,POS
보다,MAG,0,0,1,POS
보도,NNG,0,1,0,NEUT
보람,NNG,0,0,1,POS
보복,NNG,1,0,0,NEG
보상,NNG,1,0,0,NEG
보습,NNG,0,0,1,POS
보완,NNG,0,0,1,POS
보이,VV,0.375,0.0625,0.5625,POS
보장,NNG,0,0,1,POS
보탬,NNG,1,0,0,NEG
보호,NNG,0,0,1,POS
복수,NNG,1,0,0,NEG
복습,NNG,0,0,1,POS
복식관,NNG,1,0,0,NEG
복원,NNG,0,0,1,POS
복잡,XR,0.333333333,0.333333333,0.333333333,NEG
본,NNG,1,0,0,NEG
본격,NNG,0,0,1,POS
봉건,NNG,0,0,1,POS
봉사자,NNG,0,0,1,POS
봉양,NNG,0,0,1,POS
봉투,NNG,1,0,0,NEG
부,XPN,1,0,0,NEG
부가,NNG,0,0,1,POS
부각,NNG,1,0,0,NEG
부끄럽,VA,0.5,0,0,COMP
부담,NNG,0.6,0,0.4,NEG
부대,NNG,0,0,1,POS
부드럽,VA,0,0,1,POS
부럽,VA,0,0,1,POS
부르,VV,0,0.5,0.5,NEUT
부르트,VV,0,0,1,POS
부모,NNG,1,0,0,NEG
부부,NNG,1,0,0,NEG
부분,NNG,0,0.5,0.5,NEUT
부상,NNG,1,0,0,NEG
부수,VV,0,0,0,COMP
부실,NNG,1,0,0,NEG
부위,NNG,0,0,1,POS
부재,NNG,1,0,0,NEG
부정,NNG,1,0,0,NEG
부조리,NNG,1,0,0,NEG
부족,NNG,1,0,0,NEG
부지런,NNG,0,0,1,POS
부진,NNG,0.5,0.5,0,NEG
부쩍,MAG,0,0,0.5,None
부채,NNG,0,0,1,POS
부추기,VV,0.5,0,0,COMP
부탁,NNG,0,0,1,POS
부터,JX,0.25,0,0.625,POS
부합,NNG,0,0,1,POS
북,NNP,0.5,0,0.5,NEG
북한,NNP,0.25,0.25,0.5,POS
분,NNB,0.25,0,0.75,POS
분노,NNG,1,0,0,NEG
분단,NNG,0,0,1,POS
분류,NNG,1,0,0,NEG
분명,MAG,1,0,0,NEG
분명,MAG,0,0,0,None
분명,NNG,1,0,0,NEG
분석,NNG,0.333333333,0.333333333,0.333333333,NEG
분야,NNG,0,0,1,POS
분열,NNG,1,0,0,NEG
분위기,NNG,0,0,1,POS
분자,NNG,1,0,0,NEG
분쟁,NNG,1,0,0,NEG
불,NNG,1,0,0,NEG
불,VV,0,0,1,POS
불,XPN,0.5,0,0.5,NEG
불가,NNG,1,0,0,NEG
불감증,NNG,1,0,0,NEG
불결,NNG,1,0,0,NEG
불과,MAG,0.75,0,0,NEG
불과,XR,1,0,0,NEG
불구,XR,0,0,0,None
불길,XR,1,0,0,NEG
불량,NNG,1,0,0,NEG
불러들이,VV,0,0,1,POS
불러오,VV,0,0,1,POS
불러일으키,VV,0,0,1,POS
불륜,NNG,1,0,0,NEG
불리,NNG,1,0,0,NEG
불리,VV,1,0,0,NEG
불만,NNG,1,0,0,NEG
불매,NNG,1,0,0,NEG
불법,NNG,0.8,0,0.2,NEG
불사,XR,1,0,0,NEG
불순,NNG,1,0,0,NEG
불신,NNG,1,0,0,NEG
불쌍,XR,0,0,1,POS
불안,NNG,1,0,0,NEG
불안감,NNG,1,0,0,NEG
불우,NNG,0,0,1,POS
불의,NNG,1,0,0,NEG
불퇴전,NNG,0,0,1,POS
불행,NNG,0,0,1,POS
불행감,NNG,0,0,1,POS
불황,NNG,0.5,0,0.5,NEG
붉,VA,0,1,0,NEUT
붐,NNG,0,0,1,POS
붓,NNG,1,0,0,NEG
붙,VV,0.5,0.5,0,NEG
블레어,NNG,0,0,1,POS
비,NNG,1,0,0,NEG
비,XPN,0.333333333,0.333333333,0.333333333,NEG
비가,NNG,1,0,0,NEG
비겁,XR,1,0,0,NEG
비관,NNG,1,0,0,NEG
비교,NNG,0,0,1,POS
비교적,MAG,0,0,1,POS
비극,NNG,0.857142857,0.142857143,0,NEG
비난,NNG,1,0,0,NEG
비디오,NNG,0.75,0,0.25,NEG
비록,MAG,0,0,0,None
비리,NNG,1,0,0,NEG
비밀,NNG,0,0,1,POS
비상,NNG,0.5,0.5,0,NEG
비서진,NNG,1,0,0,NEG
비슷,XR,0.25,0.25,0.5,POS
비싸,VA,0.666666667,0.333333333,0,NEG
비아냥,NNG,1,0,0,NEG
비용,NNG,1,0,0,NEG
비유,NNG,0,1,0,NEUT
비전,NNG,1,0,0,NEG
비좁,VA,1,0,0,NEG
비중,NNG,0,0,1,POS
비참,NNG,1,0,0,NEG
비추,VV,0,0,1,POS
비키,VV,1,0,0,NEG
비판,NNG,0.833333333,0,0.166666667,NEG
비행기,NNG,0,1,0,NEUT
빗대,VV,0,0,0,COMP
빚,VV,0,0,1,POS
빛,NNG,0.5,0,0.5,NEG
빛깔,NNG,0,0,1,POS
빛살,NNG,0,1,0,NEUT
빠르,VA,0,0,1,POS
빠지,VV,0.8,0,0.2,NEG
빨,VV,1,0,0,NEG
빨리,MAG,0.5,0,0.5,NEG
빼,VV,0,0,1,POS
빼기,NNG,0,0,1,POS
빼놓,VV,0.333333333,0,0.666666667,POS
빼앗기,VV,1,0,0,NEG
빼어나,VA,0,0,1,POS
뻔뻔,XR,1,0,0,NEG
뻔하,VA,0,1,0,NEUT
뿐,JX,0,0,0,None
뿐,NNB,0.307692308,0,0,None
뿜어내,VV,0,0,1,POS
사,NNG,1,0,0,NEG
사,VV,0.666666667,0,0.333333333,NEG
사건,NNG,0.75,0,0.25,NEG
사고,NNG,0.875,0.125,0,NEG
사귀,VV,1,0,0,NEG
사극,NNG,1,0,0,NEG
사기,NNG,1,0,0,NEG
사라지,VV,1,0,0,NEG
사람,NNG,0.444444444,0,0.5,POS
사랑,NNG,0.142857143,0.047619048,0.761904762,POS
사로잡,VV,0,0,1,POS
사로잡히,VV,1,0,0,NEG
사망,NNG,0.5,0,0.5,NEG
사물,NNG,0,0,1,POS
사뭇,MAG,0,0,0,None
사상,NNG,0,0,0.75,POS
사색,NNG,0,0,1,POS
사슬,NNG,0,0,1,POS
사실,MAG,0,0,0,None
사실,NNG,0.2,0.2,0.4,POS
사용,NNG,0.333333333,0.333333333,0.333333333,NEG
사원,NNG,1,0,0,NEG
사이,NNG,1,0,0,NEG
사이버,NNG,0,0,1,POS
사정,NNG,0,0,1,POS
사진,NNG,0,0,1,POS
사항,NNG,0,0,1,POS
사회,NNG,0.714285714,0,0.285714286,NEG
삭막,XR,0,0,1,POS
삭제,NNG,1,0,0,NEG
산,NNG,1,0,0,NEG
산,XSN,0,0,1,POS
산뜻,XR,0,0,1,POS
산매,NNG,0,0,1,POS
살,NNG,0.5,0,0.5,NEG
살,VV,0.333333333,0.055555556,0.611111111,POS
살길,NNG,0,0,1,POS
살리,VV,0,0,1,POS
살림,NNG,1,0,0,NEG
살아나,VV,0,0,1,POS
살아남,VV,0,0,1,POS
살아오,VV,0,0,1,POS
살인,NNG,1,0,0,NEG
살짝살짝,MAG,0,1,0,NEUT
살피,VV,0,0,1,POS
삶,NNG,0.111111111,0,0.888888889,POS
삼,VV,0,0,1,POS
삼박자,NNG,0,0,1,POS
삼위일체,NNG,0,0,1,POS
상,NNG,0,0,1,POS
상,NNP,0,0,1,POS
상,XSN,0,0,0.666666667,POS
상담,NNG,0,0,1,POS
상대,NNG,0.666666667,0,0,NEG
상상,NNG,0.333333333,0.333333333,0.333333333,NEG
상상력,NNG,0,0,1,POS
상세,XR,0,0,1,POS
상속,NNG,1,0,0,NEG
상수,NNG,0,0,1,POS
상식,NNG,0,0,1,POS
상실,NNG,0.5,0,0.5,NEG
상실감,NNG,1,0,0,NEG
상의,NNG,0,0,1,POS
상징,NNG,0,0,1,POS
상쾌,XR,0,0,1,POS
상태,NNG,0.75,0,0.25,NEG
상품,NNG,1,0,0,NEG
상황,NNG,1,0,0,NEG
새,MM,0,0,1,POS
새,NNG,0,0.5,0.5,NEUT
새,VV,0.5,0,0.5,NEG
새끼,NNG,1,0,0,NEG
새댁,NNG,0,0,1,POS
새로이,MAG,0,0,1,POS
새롭,VA,0.19047619,0,0.80952381,POS
새바람,NNG,0,0,1,POS
새삼,MAG,0,0,0,None
새색시,NNG,0,0,1,POS
색,NNG,0.5,0,0.5,NEG
색깔,NNG,0,0,1,POS
색다르,VA,0,0,1,POS
생,XPN,0,0,1,POS
생,XSN,1,0,0,NEG
생각,NNG,0.333333333,0.25,0.375,POS
생겨나,VV,0,1,0,NEUT
생기,VV,0.666666667,0,0.333333333,NEG
생동,NNG,0,0,1,POS
생동감,NNG,0,0,1,POS
생명,NNG,0,0,1,POS
생물,NNG,1,0,0,NEG
생산,NNG,0,0,1,POS
생선,NNG,0,1,0,NEUT
생필품,NNG,0,0,1,POS
생활,NNG,0.5,0,0.5,NEG
생활고,NNG,1,0,0,NEG
서,VV,0,0,0.666666667,POS
서두르,VV,1,0,0,NEG
서로,MAG,0.333333333,0,0.666666667,POS
서로,NNG,0.5,0,0.5,NEG
서른,NR,0,0,0,COMP
서명,NNG,0,0,1,POS
서방,NNG,1,0,0,NEG
서비스,NNG,0,0,1,POS
서서히,MAG,0,0,0,None
서슴,VV,1,0,0,NEG
서슴없이,MAG,0,0,1,POS
서예,NNG,0,0,1,POS
서울,NNP,0.5,0.5,0,NEG
서쪽,NNG,0,1,0,NEUT
서툴,VA,1,0,0,NEG
석,NNG,1,0,0,NEG
석가모니,NNP,0,1,0,NEUT
석권,NNG,0,0,1,POS
석연,XR,1,0,0,NEG
섞이,VV,1,0,0,NEG
선,NNG,0,0,1,POS
선,NNP,0,0,1,POS
선구,NNG,0,0,1,POS
선두,NNG,0,0,1,POS
선물,NNG,0,0,1,POS
선보이,VV,0,0,1,POS
선언,NNG,0.333333333,0,0.666666667,POS
선전,NNG,1,0,0,NEG
선정,NNG,0.5,0,0.5,NEG
선진국,NNG,0,0,1,POS
선풍,NNG,0,0,1,POS
선호,NNG,0,0,1,POS
설,NNB,1,0,0,NEG
설계,NNG,1,0,0,NEG
설득,NNG,0.5,0,0.5,NEG
설득력,NNG,0.6,0,0.4,NEG
설레,VV,0,0,1,POS
설명,NNG,0.153846154,0.153846154,0.615384615,POS
섬,NNG,0.5,0,0,COMP
섬기,VV,0,0,1,POS
섬세,XR,0,0,1,POS
성,NNG,0,0,1,POS
성,XSN,0.418604651,0.139534884,0.441860465,POS
성격,NNG,0.5,0,0.5,NEG
성공,NNG,0,0,0.8,POS
성과,NNG,0,0,1,POS
성과물,NNG,0,0,1,POS
성금,NNG,0,0,1,POS
성대,XR,0,0,1,POS
성명,NNG,0.5,0.5,0,NEG
성숙,NNG,0,0,1,POS
성실,NNG,0,0,1,POS
성자,NNG,0,0,1,POS
성장,NNG,0.333333333,0,0.666666667,POS
성지,NNG,0.5,0,0.5,NEG
성찰,NNG,0,0,0,COMP
성취,NNG,0,0,1,POS
성행,NNG,1,0,0,NEG
성향,NNG,0,0.5,0.5,NEUT
성희롱,NNG,1,0,0,NEG
세,MM,1,0,0,NEG
세,NNB,1,0,0,NEG
세계,NNG,0.153846154,0,0.769230769,POS
세기,NNG,0,0,1,POS
세대,NNG,0,0,1,POS
세련미,NNG,0,0,1,POS
세상,NNG,0.75,0,0.25,NEG
세속,NNG,1,0,0,NEG
세습,NNG,1,0,0,NEG
세우,VV,0.333333333,0,0.666666667,POS
센스,NNG,0,0,1,POS
셈,NNB,0,0.166666667,0.333333333,None
셈,NNG,1,0,0,NEG
셰익스피어,NNP,0,0,1,POS
소,EF,0,0,0,None
소감,NNG,0,0,1,POS
소개,NNG,0,0,1,POS
소견,NNG,0,1,0,NEUT
소극적,NNG,1,0,0,NEG
소낙비,NNG,1,0,0,NEG
소녀,NNG,0,0,1,POS
소득,NNG,1,0,0,NEG
소리,NNG,1,0,0,NEG
소문,NNG,0.5,0,0.5,NEG
소변,NNG,1,0,0,NEG
소비자,NNG,0.5,0,0.5,NEG
소설,NNG,0,0,1,POS
소설집,NNG,1,0,0,NEG
소송,NNG,1,0,0,NEG
소수,NNG,1,0,0,NEG
소신,NNG,1,0,0,NEG
소심,XR,1,0,0,NEG
소아마비,NNG,1,0,0,NEG
소외,NNG,0,0,0,COMP
소용,NNG,1,0,0,NEG
소위,MAG,1,0,0,NEG
소일,NNG,0,0,1,POS
소중,XR,0,0,1,POS
소지,NNG,1,0,0,NEG
소홀,NNG,1,0,0,NEG
소홀히,MAG,1,0,0,NEG
소환,NNG,1,0,0,NEG
속,NNG,0.454545455,0.090909091,0.363636364,NEG
속내,NNG,0,0,0.5,COMP
속도,NNG,0,0,1,POS
속도감,NNG,0,0,1,POS
속이,VV,1,0,0,NEG
속임수,NNG,1,0,0,NEG
속하,VV,1,0,0,NEG
손,NNG,0.5,0,0.5,NEG
손꼽히,VV,0,0,1,POS
손님,NNG,0,0,1,POS
손목,NNG,0,0,1,POS
손바닥,NNG,0,1,0,NEUT
손발,NNG,0,1,0,NEUT
손색,NNG,0,0,1,POS
손쉽,VA,0,0,1,POS
손해,NNG,1,0,0,NEG
솔직,XR,0,0,1,POS
솜씨,NNG,0,0,1,POS
송수신,NNG,0,0,1,POS
송편,NNG,0,0,1,POS
수,MM,1,0,0,NEG
수,NNB,0.211382114,0.032520325,0.219512195,None
수놓,VV,0,0,1,POS
수단,NNG,1,0,0,NEG
수려,XR,0,0,1,POS
수미산,NNP,0,0,1,POS
수박,NNG,0,0,1,POS
수배,NNG,1,0,0,NEG
수분,NNG,1,0,0,NEG
수상,NNG,0,0,1,POS
수상작,NNG,0,0,1,POS
수십,NR,0,0,1,POS
수없이,MAG,0,0,0.5,None
수영,NNG,1,0,0,NEG
수요,NNG,0,0,1,POS
수용,NNG,0,0,1,POS
수익,NNG,1,0,0,NEG
수입,NNG,0,0,1,POS
수준,NNG,1,0,0,NEG
수줍,VA,0,0,1,POS
수직,NNG,0,1,0,NEUT
수퍼,NNG,0,0,1,POS
숙맥,NNG,1,0,0,NEG
숙연,XR,0,0,1,POS
순간,NNG,0,0,1,POS
순례자,NNG,1,0,0,NEG
순수,NNG,1,0,0,NEG
순수익,NNG,0,0,1,POS
순진,XR,1,0,0,NEG
숟가락,NNG,1,0,0,NEG
술,NNG,1,0,0,NEG
술술,MAG,0,0,1,POS
숨,VV,0.666666667,0,0.333333333,NEG
숨소리,NNG,0,0,1,POS
숨지,VV,1,0,0,NEG
숫자,NNG,1,0,0,NEG
숭배,NNG,1,0,0,NEG
숱하,VA,1,0,0,NEG
숲,NNG,0.5,0,0.5,NEG
쉬,VV,0,1,0,NEUT
쉽,VA,0.388888889,0,0.555555556,POS
스럽,XSA,0.411764706,0,0.529411765,POS
스스로,MAG,0,0,1,POS
스스로,NNG,0,0,1,POS
스타,NNG,0,0,1,POS
스토리,NNG,0.5,0,0.5,NEG
스펙터클,NNG,0,0,1,POS
슬프,VA,1,0,0,NEG
슬픔,NNG,1,0,0,NEG
습관,NNG,1,0,0,NEG
습기,NNG,0,0,1,POS
습니까,EF,0,0,1,POS
습니다,EF,0.352941176,0,0.588235294,POS
승부,NNG,0,0,1,POS
승진,NNG,1,0,0,NEG
시,EP,0.555555556,0,0.444444444,NEG
시,XSN,0,1,0,NEUT
시각,NNG,0,0.5,0.5,NEUT
시간,NNG,0.75,0,0.25,NEG
시급,XR,1,0,0,NEG
시기,NNG,1,0,0,NEG
시나리오,NNG,0,1,0,NEUT
시달리,VV,1,0,0,NEG
시대,NNG,0.5,0,0.5,NEG
시도,NNG,0,0,1,POS
시련,NNG,1,0,0,NEG
시멘트,NNG,1,0,0,NEG
시사,NNG,0,1,0,NEUT
시선,NNG,0,0,1,POS
시설,NNG,0,0,1,POS
시약,NNG,1,0,0,NEG
시인,NNG,0,1,0,NEUT
시작,NNG,0.25,0,0.75,POS
시장,NNG,0.333333333,0,0.666666667,POS
시절,NNG,0.4,0,0.6,POS
시중,NNG,0,0,1,POS
시집,NNG,0.5,0,0.5,NEG
시치미,NNG,0,1,0,NEUT
시키,XSV,0.555555556,0,0.444444444,NEG
시험,NNG,1,0,0,NEG
식,NNB,0,0,0,None
식,VV,1,0,0,NEG
식물,NNG,0,1,0,NEUT
식민,NNG,1,0,0,NEG
식욕,NNG,0,1,0,NEUT
식탁,NNG,1,0,0,NEG
식품,NNG,1,0,0,NEG
신,NNG,0,0,1,POS
신,XPN,0,0.5,0.5,NEUT
신경,NNG,0,1,0,NEUT
신기,NNG,0,0,1,POS
신기,XR,0,0,1,POS
신동,NNG,0,0,1,POS
신라,NNP,0,0,1,POS
신뢰,NNG,0,0,1,POS
신명,NNG,0,0,1,POS
신문,NNG,0,0,1,POS
신비,NNG,0,0,1,POS
신속히,MAG,0,0,1,POS
신화,NNG,0,0,1,POS
실감,NNG,0,0,1,POS
실로,MAG,1,0,0,NEG
실마리,NNG,0,0,1,POS
실명,NNG,1,0,0,NEG
실상,NNG,1,0,0,NEG
실용,NNG,0,0,1,POS
실정,NNG,0,0,1,POS
실제,NNG,0,0,0,None
실조,NNG,1,0,0,NEG
실천,NNG,0,0,0.666666667,POS
실패자,NNG,1,0,0,NEG
실현,NNG,0.25,0,0.75,POS
싫,VA,1,0,0,NEG
싫어하,VV,1,0,0,NEG
싫증,NNG,1,0,0,NEG
심각,NNG,1,0,0,NEG
심각,XR,1,0,0,NEG
심근,NNG,0,1,0,NEUT
심리,NNG,0.5,0.5,0,NEG
심부전증,NNG,0,1,0,NEUT
심심찮,VA,0,1,0,NEUT
심위,NNG,0,0,1,POS
심장,NNG,0,0.5,0,COMP
심지어,MAG,0,0,0,None
심화,NNG,0.5,0,0.5,NEG
심회,NNG,1,0,0,NEG
십상,NNG,1,0,0,NEG
싶,VX,0.173913043,0.086956522,0.52173913,POS
싸,VA,0,0,1,POS
싸구려,NNG,1,0,0,NEG
싸늘,XR,1,0,0,NEG
싸우,VV,1,0,0,NEG
싸움,NNG,1,0,0,NEG
쌓,VV,0,0,1,POS
써먹,VV,1,0,0,NEG
썩이,VV,1,0,0,NEG
쏟,VV,0,0.333333333,0.666666667,POS
쏟아지,VV,0,0,1,POS
쏠리,VV,0,0,1,POS
쏠쏠,XR,0,0,1,POS
쏴아아,MAG,0,0,1,POS
쑥스럽,VA,0,0,0.5,COMP
쓰,VA,1,0,0,NEG
쓰,VV,0.272727273,0.090909091,0.636363636,POS
쓰러지,VV,0.5,0,0.5,NEG
쓰레기,NNG,1,0,0,NEG
쓸쓸,XR,0.333333333,0,0.333333333,COMP
씁쓸,XR,1,0,0,NEG
씌우,VV,1,0,0,NEG
씨,NNB,0,0,1,POS
씨발,IC,1,0,0,NEG
아,EC,0.366666667,0.044444444,0.533333333,POS
아,IC,1,0,0,NEG
아끼,VV,0,0,1,POS
아내,NNG,1,0,0,NEG
아니,IC,1,0,0,NEG
아니,VCN,0.358974359,0.102564103,0.153846154,None
아도,EC,0.166666667,0.166666667,0,None
아들,NNG,1,0,0,NEG
아라,EC,0,0,1,POS
아랑곳,NNG,0,0,1,POS
아름답,VA,0.3,0,0.7,POS
아마,MAG,0,0,1,POS
아무,MM,1,0,0,NEG
아무,NP,0.5,0,0.5,NEG
아무래도,MAG,0,0,0,None
아무런,MM,0.666666667,0.333333333,0,NEG
아무렇,VA,0,0,1,POS
아버지,NNG,0.5,0,0.5,NEG
아빠,NNG,0,0,1,POS
아사,NNG,1,0,0,NEG
아서,EC,0.428571429,0,0.285714286,NEG
아성,NNG,0,0,1,POS
아쉬움,NNG,1,0,0,NEG
아쉽,VA,1,0,0,NEG
아스팔트,NNG,0,0,1,POS
아시아,NNP,0,0.5,0.5,NEUT
아야,EC,0.037037037,0.018518519,0.148148148,None
아야지,EF,0,0,0,None
아연,MAG,1,0,0,NEG
아예,MAG,0.25,0,0,None
아요,EF,1,0,0,NEG
아울러,MAG,0,0,0,None
아이,NNG,0.375,0,0.625,POS
아이러니,NNG,1,0,0,NEG
아주,MAG,0.25,0,0.75,POS
아직,MAG,0.6,0,0,NEG
아침,NNG,0,0,1,POS
아파트,NNG,1,0,0,NEG
아프,VA,0.8,0.2,0,NEG
아픔,NNG,0.5,0,0.5,NEG
악기,NNG,1,0,0,NEG
악수,NNG,0,0,1,POS
악재,NNG,1,0,0,NEG
악절,NNG,0,0,1,POS
악화,NNG,1,0,0,NEG
안,MAG,0.5625,0.125,0.25,NEG
안,NNG,0.333333333,0.333333333,0.333333333,NEG
안,VV,0.5,0,0.5,NEG
안개,NNG,0,1,0,NEUT
안무가,NNG,0,0,1,POS
안방,NNG,0,0,1,POS
안보,NNG,0,0,1,POS
안스럽,VA,1,0,0,NEG
안전,NNG,0.5,0,0.5,NEG
안절부절못하,VV,0,0,1,POS
안정,NNG,1,0,0,NEG
안타까워하,VV,1,0,0,NEG
안타깝,VA,1,0,0,NEG
앉,VV,0,1,0,NEUT
않,VV,1,0,0,NEG
않,VX,0.556818182,0.022727273,0.352272727,NEG
알,VV,0.363636364,0.090909091,0.454545455,POS
알뜰,NNG,0,0,1,POS
알뜰히,MAG,1,0,0,NEG
알리,VV,0.166666667,0.083333333,0.666666667,POS
알쏭달쏭,MAG,0,1,0,NEUT
알코올,NNG,1,0,0,NEG
앓,VV,0.5,0,0.5,NEG
암흑,NNG,0,0,1,POS
압도,NNG,0.333333333,0.333333333,0.333333333,NEG
압박,NNG,1,0,0,NEG
앗,VV,1,0,0,NEG
았,EP,0.536585366,0.097560976,0.317073171,NEG
았었,EP,1,0,0,NEG
앙상,XR,1,0,0,NEG
앞,NNG,0.5,0.166666667,0.333333333,NEG
앞서,VV,1,0,0,NEG
앞장,NNG,0,0,1,POS
애,NNG,1,0,0,NEG
애꿎,VA,1,0,0,NEG
애끊,VV,0,0,0,COMP
애니메이션,NNG,0,0,1,POS
애닯,VA,0,0,0,COMP
애용,NNG,0,0,1,POS
애정,NNG,0,0,1,POS
애타,VV,0,0,1,POS
애틋,XR,0,0,1,POS
액수,NNG,1,0,0,NEG
앱시다,EF,1,0,0,NEG
앳되,VA,0,0,1,POS
야,EC,0,0,0,None
야,EF,0.5,0.25,0,NEG
야,JX,0,0,0,None
야릇,XR,0,1,0,NEUT
약,NNG,1,0,0,NEG
약간,NNG,0,0,0,COMP
약골,NNG,1,0,0,NEG
약속,NNG,0,0,1,POS
약탈,NNG,1,0,0,NEG
약하,VA,1,0,0,NEG
약혼,NNG,1,0,0,NEG
약화,NNG,0,0,1,POS
양,MM,0,0,1,POS
양보,NNG,1,0,0,NEG
양상,NNG,1,0,0,NEG
양식,NNG,0,0,1,POS
양심,NNG,1,0,0,NEG
양탄자,NNG,0,0,1,POS
얘기,NNG,0.333333333,0,0.666666667,POS
어,EC,1,0,0,NEG
어,EC,0.396694215,0.041322314,0.495867769,POS
어,EF,0.333333333,0.166666667,0,COMP
어깨,NNG,0,0,1,POS
어느,MM,0.4,0,0.2,NEG
어다,EC,1,0,0,NEG
어다가,EC,0,0,0,None
어도,EC,0.25,0,0,None
어둠,NNG,0.333333333,0,0.666666667,POS
어둡,VA,1,0,0,NEG
어디,NP,0.333333333,0,0,COMP
어떠,XR,1,0,0,NEG
어떤,MM,0.375,0,0.25,NEG
어떻,VA,0.333333333,0,0.166666667,None
어떻든,MAG,0,0,0,None
어라,EF,0,0,0.666666667,POS
어려움,NNG,0.5,0,0.5,NEG
어렵,VA,0.761904762,0,0.238095238,NEG
어루만지,VV,0,0,1,POS
어리,VA,1,0,0,NEG
어리,VV,0,0,1,POS
어리광,NNG,1,0,0,NEG
어린이,NNG,0,0.25,0.75,POS
어머니,NNG,0.5,0,0.5,NEG
어서,EC,0.666666667,0.166666667,0.166666667,NEG
어야,EC,0.058823529,0.058823529,0.088235294,None
어야만,EC,0,0,0,COMP
어야지요,EF,0,0,1,POS
어요,EC,0.666666667,0,0,NEG
어요,EF,0.333333333,0,0.5,POS
어우러지,VV,0,0,1,POS
어지럼증,NNG,1,0,0,NEG
어쨌든,MAG,0,0,0,None
어쩌,VV,0.75,0,0,NEG
어찌,MAG,0,0,0,None
어처구니,NNG,1,0,0,NEG
억,NR,1,0,0,NEG
억울,XR,0,0,1,POS
억지,NNG,1,0,0,NEG
언로,NNG,0.5,0,0.5,NEG
언론,NNG,0.5,0,0.5,NEG
언제,MAG,1,0,0,NEG
언젠가,MAG,0,0,1,POS
얻,VV,0.111111111,0,0.888888889,POS
얼,VV,0,0,1,POS
얼굴,NNG,0.333333333,0,0.333333333,COMP
얼마,NNG,0.666666667,0,0.333333333,NEG
얼마나,MAG,0.428571429,0,0.571428571,POS
얼싸안,VV,0,0,1,POS
얼씬거리,VV,1,0,0,NEG
얼핏,MAG,0,0.5,0.5,NEUT
얽매이,VV,0,0,1,POS
엄마,NNG,0.75,0,0,NEG
엄밀히,MAG,0,0,0,None
엄숙,XR,0,0,1,POS
엄연,XR,0,0,1,POS
엄연히,MAG,0,0,0,None
엄청나,VA,0.25,0,0.75,POS
업,VV,0,0,1,POS
업무,NNG,1,0,0,NEG
없,VA,0.59223301,0.048543689,0.203883495,NEG
없,VV,1,0,0,NEG
없이,MAG,0.470588235,0.176470588,0.294117647,NEG
엇나가,VV,1,0,0,NEG
었,EP,0.452380952,0.095238095,0.428571429,NEG
엉뚱,XR,1,0,0,NEG
엉망진창,NNG,1,0,0,NEG
엉터리,NNG,1,0,0,NEG
에,JKB,0.365384615,0.08974359,0.378205128,POS
에게,JKB,0.363636364,0,0.454545455,POS
에너지,NNG,0,0,1,POS
에서,JKB,0.361702128,0.106382979,0.446808511,POS
에서부터,JKB,0,0,0,None
에어로빅,NNG,0,0,1,POS
여,EC,1,0,0,NEG
여,XSN,0,0.333333333,0.666666667,POS
여기,NP,0.5,0,0.5,NEG
여기,VV,0.4,0,0.6,POS
여러,MM,0.5,0,0.5,NEG
여론,NNG,0,0,1,POS
여물,VA,0,0,1,POS
여백,NNG,0,0,1,POS
여부,NNG,1,0,0,NEG
여성,NNG,0.5,0.083333333,0.416666667,NEG
여실히,MAG,0,0,0,None
여울,NNG,0,0,1,POS
여유,NNG,0,0,1,POS
여자,NNG,1,0,0,NEG
여전히,MAG,0,0,0,None
여지,NNG,0.5,0,0,NEG
여지껏,MAG,1,0,0,NEG
여차,XR,0,0,0,None
역량,NNG,0,0,1,POS
역사,NNG,0.333333333,0.166666667,0.5,POS
역설,NNG,1,0,0,NEG
역시,MAG,0,0.333333333,0.333333333,NEUT
역작,NNG,0,0,1,POS
역행,NNG,1,0,0,NEG
연구,NNG,0,0.333333333,0.666666667,POS
연극,NNG,0,0,1,POS
연기,NNG,0,0,1,POS
연기파,NNG,0,0,1,POS
연민,NNG,1,0,0,NEG
연발,NNG,0,0,1,POS
연설,NNG,0,0,0,None
연속,NNG,1,0,0,NEG
연습,NNG,0,0,1,POS
연행,NNG,1,0,0,NEG
열,NNG,0,0,1,POS
열,NR,1,0,0,NEG
열,VV,0.333333333,0,0.666666667,POS
열광,NNG,0,0,1,POS
열기,NNG,0,0,1,POS
열등,NNG,1,0,0,NEG
열리,VV,0,0,1,POS
열망,NNG,0,0,1,POS
열매,NNG,0.5,0,0.5,NEG
열쇠,NNG,0,0,1,POS
열심히,MAG,0,0,1,POS
열연,NNG,0,0,1,POS
열정,NNG,0,0,1,POS
열창,NNG,0,0,1,POS
염하,VV,0,0,1,POS
엿보,VV,0.333333333,0,0.666666667,POS
영감,NNG,0,0,1,POS
영글,VV,0,0,1,POS
영산,NNG,0,0,1,POS
영양,NNG,1,0,0,NEG
영역,NNG,1,0,0,NEG
영욕,NNG,0,0,0,COMP
영원히,MAG,0,0,1,POS
영태,NNP,0,0,1,POS
영향,NNG,0,0,1,POS
영혼,NNG,0.25,0,0.75,POS
영화,NNG,0.2,0.1,0.6,POS
예,NNG,1,0,0,NEG
예방,NNG,0,0,1,POS
예상,NNG,0.5,0,0.5,NEG
예수,NNP,0,1,0,NEUT
예술,NNG,0.166666667,0,0.833333333,POS
예술의전당,NNP,1,0,0,NEG
예술품,NNG,1,0,0,NEG
예전,NNG,0,0,1,POS
예정,NNG,0,0.166666667,0.833333333,POS
예지,NNG,0,0,1,POS
옛,MM,0.333333333,0,0.666666667,POS
옛글,NNG,1,0,0,NEG
오,VV,1,0,0,NEG
오,VV,0,0.5,0.5,NEUT
오,VX,0,0.142857143,0.857142857,POS
오늘날,NNG,0,0,0,COMP
오랜,MM,0.5,0,0.5,NEG
오랫동안,NNG,1,0,0,NEG
오르,VV,1,0,0,NEG
오른,MM,0,0,1,POS
오만,NNG,1,0,0,NEG
오버,NNG,1,0,0,NEG
오빠,NNG,0,0,1,POS
오판,NNG,1,0,0,NEG
오히려,MAG,0.25,0,0.5,POS
옥살이,NNG,0,0,1,POS
온,MM,0.5,0,0.5,NEG
온기,NNG,0,0,1,POS
온통,MAG,1,0,0,NEG
올리,VV,0.333333333,0,0.666666667,POS
옮기,VV,0,0,1,POS
옷,NNG,0,0,1,POS
옹호,NNG,0.5,0,0.5,NEG
와,JC,0,0,1,POS
와,JC,0.25,0.125,0.625,POS
와,JKB,0.333333333,0.222222222,0.222222222,NEG
왁자지껄,MAG,0,0,1,POS
완비,NNG,0,0,1,POS
완전,NNG,0.5,0,0.5,NEG
완전히,MAG,0,0,0.5,None
왕년,NNG,0,0,1,POS
왕성,XR,0,0,1,POS
왕실,NNG,1,0,0,NEG
왕조,NNG,1,0,0,NEG
왜,MAG,1,0,0,NEG
외국,NNG,0.5,0,0.5,NEG
외길,NNG,0,0,1,POS
외로움,NNG,1,0,0,NEG
외롭,VA,0,0,1,POS
외면,NNG,1,0,0,NEG
외제,NNG,0,0,1,POS
요구,NNG,0.5,0.166666667,0.333333333,NEG
요령,NNG,0,0,1,POS
요리,NNG,0,0,1,POS
요원,NNG,0,0,1,POS
요인,NNG,0,0,1,POS
요지경,NNG,1,0,0,NEG
요청,NNG,0,0,1,POS
욕,NNG,1,0,0,NEG
욕망,NNG,0.428571429,0,0.428571429,NEG
욕심,NNG,1,0,0,NEG
욕심내,VV,0,0,1,POS
용,XSN,0,0,1,POS
용서,NNG,1,0,0,NEG
용인,NNG,1,0,0,NEG
용품,NNG,0,0,1,POS
우뚝,MAG,0,0,1,POS
우려,NNG,1,0,0,NEG
우리,NP,0.307692308,0,0.538461538,POS
우리말,NNG,0,0,1,POS
우선,MAG,0,0,0,None
우선,NNG,1,0,0,NEG
우세,NNG,0,0,1,POS
우수,NNG,0,0,1,POS
우수상,NNG,0,0,1,POS
우스꽝스럽,VA,1,0,0,NEG
우연,NNG,1,0,0,NEG
우연히,MAG,0,1,0,NEUT
우와,IC,0,0,1,POS
우울,NNG,1,0,0,NEG
우정,NNG,0,0,1,POS
우주,NNG,0,0,1,POS
우호,NNG,1,0,0,NEG
운동,NNG,0.75,0,0.25,NEG
운보,NNG,0,0,1,POS
운치,NNG,0,0,1,POS
운항,NNG,1,0,0,NEG
울,NP,0,0,1,POS
울,VV,0.5,0,0.25,NEG
울리,VV,0.333333333,0.333333333,0.333333333,NEG
울림,NNG,0,0,1,POS
울부짖,VV,0,0,1,POS
울음,NNG,0,0,1,POS
울컥,MAG,1,0,0,NEG
울트라,NNG,0,0,1,POS
움직임,NNG,0,0,1,POS
움켜쥐,VV,0,1,0,NEUT
웃,VV,0,0,0.5,COMP
웃기,VV,0,0,1,POS
웃음,NNG,0,0,1,POS
웅비,NNG,0,0,1,POS
워낙,MAG,0,0,0,None
원,NNG,0.428571429,0,0.571428571,POS
원래,NNG,0,0,1,POS
원만,XR,0,0,1,POS
원천,NNG,0,0,1,POS
원칙,NNG,0,0,1,POS
원하,VV,0,0,1,POS
원한,NNG,1,0,0,NEG
월,NNB,0,0,1,POS
웬,MM,0,0,0,None
웬만,XR,0,0,1,POS
위,NNG,1,0,0,NEG
위기,NNG,1,0,0,NEG
위기감,NNG,1,0,0,NEG
위대,XR,0,0,1,POS
위력,NNG,0,1,0,NEUT
위반,NNG,1,0,0,NEG
위상,NNG,0,1,0,NEUT
위시,NNG,0,0,0,None
위원,NNG,0,0,1,POS
위주,NNG,1,0,0,NEG
위치,NNG,0,0,1,POS
위통,NNG,0,1,0,NEUT
위하,VV,0,0.093023256,0.651162791,POS
위헌,NNG,1,0,0,NEG
위험,NNG,0.833333333,0.166666667,0,NEG
위협,NNG,1,0,0,NEG
유감,NNG,1,0,0,NEG
유공자,NNG,1,0,0,NEG
유기,NNG,0.5,0,0.5,NEG
유난,NNG,0,0,1,POS
유난히,MAG,0,0,0,None
유달리,MAG,1,0,0,NEG
유독,MAG,0,1,0,NEUT
유동,NNG,0,0,1,POS
유리,NNG,1,0,0,NEG
유머,NNG,0,0,1,POS
유명,NNG,0,0,1,POS
유명,XR,0.2,0,0.8,POS
유민,NNG,0,0,1,POS
유사,NNG,0,0,1,POS
유사,XR,1,0,0,NEG
유수,NNG,0,0,1,POS
유신,NNG,1,0,0,NEG
유연,XR,0,0,1,POS
유일,NNG,0,0,1,POS
유적,NNG,0,0,1,POS
유지,NNG,0.666666667,0,0.333333333,NEG
유치원,NNG,0,0,1,POS
유학,NNG,0,0,1,POS
유해,NNG,1,0,0,NEG
유행,NNG,0,0,1,POS
유행가,NNG,0,1,0,NEUT
유효,NNG,0,0,1,POS
윤전기,NNG,1,0,0,NEG
으나,EC,0,0,0.153846154,None
으니,EC,1,0,0,NEG
으라고,EC,0,0,1,POS
으려,EC,1,0,0,NEG
으려고,EC,1,0,0,NEG
으려는,ETM,0,0,1,POS
으려면,EC,0,0,0,None
으련만,EC,1,0,0,NEG
으로,JKB,0.255813953,0.081395349,0.569767442,POS
으로부터,JKB,1,0,0,NEG
으로서,JKB,0,0,0.333333333,None
으면,EC,0.2,0.066666667,0.466666667,POS
으면서,EC,0,0,0,None
으스스,MAG,1,0,0,NEG
으시,EP,1,0,0,NEG
은,ETM,0.413793103,0.086206897,0.413793103,NEG
은,JX,0.559322034,0.033898305,0.355932203,NEG
은가,EF,0,0,0,None
은은,XR,0,0,1,POS
은혜,NNG,0,0,1,POS
을,ETM,0.240740741,0.018518519,0.259259259,None
을,JKO,0.348348348,0.06006006,0.561561562,POS
을까,EC,0.166666667,0,0,COMP
을까,EF,0.111111111,0.111111111,0,None
을까요,EF,0,0,0,None
을지,EC,1,0,0,NEG
을지언정,EC,0,0,0,None
음,ETN,0.5,0,0.5,NEG
음산,XR,0,0,1,POS
음습,XR,0,0,1,POS
음악,NNG,0.5,0,0.5,NEG
음주,NNG,1,0,0,NEG
음직,EC,0,0,0,None
응답,NNG,0,1,0,NEUT
응하,VV,0,0,1,POS
의,JKG,0.327683616,0.056497175,0.581920904,POS
의견,NNG,0,0,1,POS
의구심,NNG,1,0,0,NEG
의도,NNG,0,0.2,0.8,POS
의무,NNG,0,0,1,POS
의문,NNG,1,0,0,NEG
의미,NNG,0.25,0,0.5,POS
의사,NNG,1,0,0,NEG
의식,NNG,0.5,0.166666667,0.166666667,NEG
의심,NNG,1,0,0,NEG
의아,NNG,1,0,0,NEG
의아,XR,1,0,0,NEG
의외,NNG,0,0,1,POS
의욕,NNG,0.5,0,0.5,NEG
의존,NNG,0,0,1,POS
의지,NNG,0.4,0.2,0.4,NEG
의하,VV,1,0,0,NEG
의학,NNG,1,0,0,NEG
의혹,NNG,1,0,0,NEG
이,JKS,0,0,1,POS
이,JKC,0.333333333,0.041666667,0.333333333,NEG
이,JKS,0.440528634,0.088105727,0.431718062,NEG
이,MM,0.545454545,0.090909091,0.272727273,NEG
이,NP,0.166666667,0,0.5,POS
이,VCP,0.277777778,0.091503268,0.385620915,POS
이거,NP,0,0,0,COMP
이것,NP,1,0,0,NEG
이견,NNG,1,0,0,NEG
이권,NNG,1,0,0,NEG
이글거리,VV,0,1,0,NEUT
이기,NNG,1,0,0,NEG
이기,VV,1,0,0,NEG
이끌,VV,0,0,1,POS
이나,JC,0,0.5,0.5,NEUT
이나,JX,0.8,0,0,NEG
이념,NNG,0,0,1,POS
이라고,JKQ,0.5,0.25,0.25,NEG
이러,XR,0,0,0,None
이런,MM,0,0,1,POS
이런저런,MM,0,0,1,POS
이렇,VA,0.333333333,0,0,None
이롭,VA,0,0,1,POS
이루,MAG,1,0,0,NEG
이루,VV,0.125,0.125,0.625,POS
이르,VV,0,0,0.5,None
이른바,MAG,0,0,0,None
이름,NNG,0.5,0,0.5,NEG
이름나,VV,0,0,1,POS
이리,MAG,0,0,1,POS
이목,NNG,0,0,1,POS
이미,MAG,0,0,0.666666667,POS
이민자,NNG,1,0,0,NEG
이번,NNG,1,0,0,NEG
이벤트,NNG,0,0,1,POS
이빨,NNG,0,1,0,NEUT
이상,NNG,0.625,0.125,0.25,NEG
이상,XR,1,0,0,NEG
이색,NNG,0,0,1,POS
이야기,NNG,0.142857143,0.142857143,0.714285714,POS
이어지,VV,0,0,1,POS
이역만리,NNG,0,0,1,POS
이용,NNG,0,0,1,POS
이용법,NNG,0,0,1,POS
이유,NNG,0.5,0.166666667,0.333333333,NEG
이전,NNG,0,0,1,POS
이제,MAG,0.75,0,0.25,NEG
이제,NNG,0,0,0.666666667,POS
이채,NNG,0,0,1,POS
이치,NNG,0,0,1,POS
이한탁,NNP,0,0,1,POS
이해,NNG,0.625,0,0.375,NEG
이해득실,NNG,0,0,1,POS
이후,NNG,1,0,0,NEG
익사,NNG,1,0,0,NEG
익살,NNG,0,0,1,POS
익숙,XR,0,0,1,POS
인,NNG,0,0,1,POS
인간,NNG,0.6,0,0.4,NEG
인간애,NNG,0,0,1,POS
인건비,NNG,1,0,0,NEG
인권,NNG,0,0,1,POS
인기,NNG,0,0,1,POS
인기작,NNG,0,0,1,POS
인력난,NNG,1,0,0,NEG
인상,NNG,0.333333333,0,0.666666667,POS
인생,NNG,0.5,0,0.5,NEG
인식,NNG,0.2,0,0.8,POS
인원,NNG,0.5,0,0.5,NEG
인정,NNG,0.166666667,0,0.833333333,POS
인정받,VV,0,0,1,POS
인종,NNG,1,0,0,NEG
인터뷰,NNG,1,0,0,NEG
일,NNG,0.5,0.1,0.25,NEG
일,NNP,1,0,0,NEG
일,VV,0.5,0,0.5,NEG
일관,XR,0,0,1,POS
일깨우,VV,1,0,0,NEG
일단,MAG,0,0,0,None
일반,NNG,0.5,0,0.5,NEG
일방,NNG,1,0,0,NEG
일본,NNP,0,0,1,POS
일본군,NNG,1,0,0,NEG
일부,NNG,1,0,0,NEG
일삼,VV,1,0,0,NEG
일색,NNG,1,0,0,NEG
일어나,VV,0.5,0.5,0,NEG
일으키,VV,1,0,0,NEG
일정,NNG,1,0,0,NEG
일종,NNG,0,0,0,None
일직선,NNG,1,0,0,NEG
일찍,MAG,1,0,0,NEG
일체,NNG,0,0,1,POS
일치,NNG,0,0,1,POS
일터,NNG,1,0,0,NEG
읽,VV,0.2,0.4,0.4,NEUT
읽히,VV,0,0,1,POS
잃,VV,1,0,0,NEG
잃어버리,VV,0,0,1,POS
임금,NNG,0,0,1,POS
임금제,NNG,0,0,1,POS
임산물,NNG,0,0,1,POS
임하,VV,0,0,1,POS
입,NNG,0.75,0,0.25,NEG
입,VV,0,0,1,POS
입국자,NNG,1,0,0,NEG
입력,NNG,0,0,1,POS
입술,NNG,0.5,0,0.5,NEG
입시,NNG,1,0,0,NEG
입장,NNG,0.5,0,0.5,NEG
입증,NNG,0,1,0,NEUT
입히,VV,0.5,0,0.5,NEG
잇따르,VV,1,0,0,NEG
있,VA,0,0,0.75,POS
있,VV,0.160714286,0.035714286,0.339285714,None
있,VX,0.526315789,0.052631579,0.342105263,NEG
잉태,NNG,1,0,0,NEG
잊,VV,0.333333333,0.333333333,0.333333333,NEG
잊히,VV,0,0,1,POS
자,EC,0.333333333,0,0.333333333,NEG
자,EF,0,0,0.25,None
자,NNB,1,0,0,NEG
자,VV,0.5,0.5,0,NEG
자고,EC,0,0,0.333333333,None
자구,NNG,1,0,0,NEG
자구책,NNG,0,0,1,POS
자그맣,VA,0,0,1,POS
자극,NNG,0.25,0,0.75,POS
자긍,NNG,0,0,1,POS
자긍심,NNG,0,0,1,POS
자기,NP,0.6,0,0.4,NEG
자꾸,MAG,1,0,0,NEG
자녀,NNG,0,0,1,POS
자는,ETM,0,0,0,None
자니,EC,1,0,0,NEG
자동차,NNG,0,0,1,POS
자라,VV,0.666666667,0.333333333,0,NEG
자랑,NNG,0,0,1,POS
자랑스레,MAG,0,0,1,POS
자리,NNG,0.166666667,0,0.833333333,POS
자면,EC,0.5,0,0,NEG
자못,MAG,0,0,0,COMP
자백,NNG,1,0,0,NEG
자본주의,NNG,1,0,0,NEG
자비,NNG,0,0,1,POS
자상,XR,0,0,1,POS
자세,NNG,0,0,1,POS
자세히,MAG,0,0,1,POS
자신,NNG,0.5,0,0.5,NEG
자신만만,XR,0,0,1,POS
자아,NNG,0,0,1,POS
자아내,VV,0,0,1,POS
자연,NNG,0,0,1,POS
자원,NNG,0,0,1,POS
자유,NNG,0.333333333,0,0.666666667,POS
자제력,NNG,1,0,0,NEG
자주,MAG,0,0,1,POS
자처,NNG,1,0,0,NEG
자청,NNG,1,0,0,NEG
자충수,NNG,1,0,0,NEG
자칫,MAG,0,0,0,None
작,VA,0.5,0,0.5,NEG
작가,NNG,0,0,1,POS
작곡가,NNG,0,0,1,POS
작동,NNG,1,0,0,NEG
작법,NNG,0,0,1,POS
작업,NNG,0.5,0.5,0,NEG
작용,NNG,0,0,1,POS
작전,NNG,0,0,1,POS
작품,NNG,0,0.333333333,0.333333333,COMP
잔뼈,NNG,0,0,1,POS
잔인,XR,1,0,0,NEG
잔치,NNG,0,0,1,POS
잔치상,NNG,0,0,1,POS
잔치판,NNG,0,0,1,POS
잔털,NNG,0,0,1,POS
잖아,EF,1,0,0,NEG
잖아요,EF,0.5,0,0.5,NEG
잘,MAG,0.214285714,0.071428571,0.714285714,POS
잘못,MAG,1,0,0,NEG
잘못,NNG,1,0,0,NEG
잠들,VV,1,0,0,NEG
잡,VV,0.5,0,0.5,NEG
잡아가,VV,0,0,1,POS
잡아먹,VV,0,0,0,COMP
잡히,VV,0,0,1,POS
장,NNG,0,0,1,POS
장기,NNG,0.5,0,0.5,NEG
장난,NNG,0,0,1,POS
장담,NNG,0,0,1,POS
장대,XR,0,0,1,POS
장래,NNG,0,0,1,POS
장사진,NNG,0,0,1,POS
장애,NNG,0,1,0,NEUT
장엄,NNG,0,0,1,POS
장점,NNG,0,0,1,POS
장주,NNG,0,1,0,NEUT
잦,VA,1,0,0,NEG
재,XPN,0,0,0.5,COMP
재롱떨,VV,1,0,0,NEG
재물,NNG,1,0,0,NEG
재미,NNG,0,0,1,POS
재미있,VA,0,0,1,POS
재봉틀,NNG,0,1,0,NEUT
재산,NNG,1,0,0,NEG
재앙,NNG,1,0,0,NEG
재연,NNG,1,0,0,NEG
재잘대,VV,0,0,1,POS
재주,NNG,0.5,0,0.5,NEG
재현,NNG,0,0,1,POS
쟁이,XSN,1,0,0,NEG
쟁쟁,XR,0,0,1,POS
쟁점,NNG,0.5,0,0,COMP
저,MM,1,0,0,NEG
저,NP,0.666666667,0,0.333333333,NEG
저,XPN,0.5,0,0.5,NEG
저거,NP,0,0,0,COMP
저것,NP,1,0,0,NEG
저리도,MAG,0,0,0,None
저속,NNG,1,0,0,NEG
저술,NNG,0,0,1,POS
저의,NNG,0,1,0,NEUT
저절로,MAG,0,0,1,POS
저지르,VV,0.5,0,0.5,NEG
저하,NNG,1,0,0,NEG
적,NNB,1,0,0,NEG
적,VA,0.555555556,0,0.444444444,NEG
적,XSN,0.353383459,0.067669173,0.533834586,POS
적격,NNG,0,0,1,POS
적극,NNG,0,0,1,POS
적당,XR,0,0,1,POS
적도,NNG,0,0,1,POS
적막,NNG,1,0,0,NEG
적반하장,NNG,1,0,0,NEG
적어도,MAG,0.5,0,0,NEG
적응력,NNG,0.5,0,0.5,NEG
적절,XR,0,0,1,POS
적정,NNG,0,0,1,POS
적합,NNG,1,0,0,NEG
적합,XR,0,0,1,POS
전,NNG,0,1,0,NEUT
전국,NNG,0,0.5,0.5,NEUT
전념,NNG,0,0,1,POS
전락,NNG,1,0,0,NEG
전략,NNG,1,0,0,NEG
전례,NNG,0,0.5,0.5,NEUT
전망,NNG,0.25,0.25,0.5,POS
전무,NNG,1,0,0,NEG
전문,NNG,0.2,0,0.8,POS
전문가,NNG,0,0,1,POS
전반,NNG,0,0,1,POS
전시,NNG,0,0,1,POS
전시장,NNG,0,0,1,POS
전쟁,NNG,1,0,0,NEG
전적,NNG,0,0,0,None
전제,NNG,0,0,1,POS
전조,NNG,0,1,0,NEUT
전철,NNG,1,0,0,NEG
전통,NNG,0,0,1,POS
전투,NNG,0,0,1,POS
전하,VV,0,0,1,POS
전혀,MAG,0.2,0,0.8,POS
전형,NNG,1,0,0,NEG
전화,NNG,0,0,1,POS
전화기,NNG,0,0,1,POS
절감,NNG,0.5,0,0.5,NEG
절규,NNG,1,0,0,NEG
절대,MAG,0.5,0,0.5,NEG
절대,NNG,0.5,0,0.5,NEG
절대로,MAG,1,0,0,NEG
절대주의,NNG,0,0,1,POS
절도,NNG,0,0,1,POS
절레절레,MAG,1,0,0,NEG
절로,MAG,0,0,1,POS
절망,NNG,0.666666667,0,0.333333333,NEG
절망감,NNG,1,0,0,NEG
절박,XR,1,0,0,NEG
절반,NNG,0,0,1,POS
절실히,MAG,0,0,1,POS
젊,VA,0,0,0.666666667,POS
젊음,NNG,0,0,1,POS
점,NNG,0,0.333333333,0.333333333,NEUT
점검,NNG,0,1,0,NEUT
점령,NNG,1,0,0,NEG
점수,NNG,0,0,0,COMP
점잖,VA,0,0,1,POS
점점,MAG,1,0,0,NEG
점진,NNG,0,0,1,POS
접근,NNG,0,0,1,POS
정,NNG,1,0,0,NEG
정,NNP,0,1,0,NEUT
정겹,VA,0,0,1,POS
정교,XR,0,0,1,POS
정기,NNG,0,0,1,POS
정도,NNG,0.266666667,0.066666667,0.333333333,None
정들,VV,1,0,0,NEG
정리,NNG,0,0,1,POS
정말,MAG,0,0,0.75,POS
정보,NNG,0,0,1,POS
정부,NNG,0,0,1,POS
정상,NNG,0,0,1,POS
정서,NNG,0,0,1,POS
정성껏,MAG,0,0,1,POS
정숙,NNG,0,0,1,POS
정신,NNG,0.5,0,0.5,NEG
정신병,NNG,1,0,0,NEG
정의,NNG,0,1,0,NEUT
정작,NNG,0,0,0,None
정지선,NNG,1,0,0,NEG
정착,NNG,0,0,1,POS
정책,NNG,0.5,0,0.5,NEG
정체,NNG,1,0,0,NEG
정취,NNG,0,0,1,POS
정치,NNG,1,0,0,NEG
정하,VV,0,0,1,POS
정화,NNG,0,0,1,POS
정확,NNG,1,0,0,NEG
정확히,MAG,1,0,0,NEG
젖,NNG,0.666666667,0,0.333333333,NEG
젖,VV,1,0,0,NEG
제,XPN,0,0,1,POS
제,XSN,1,0,0,NEG
제공,NNG,0,0,1,POS
제기,NNG,0.833333333,0.166666667,0,NEG
제대로,MAG,0.666666667,0,0.333333333,NEG
제도,NNG,0.5,0,0.5,NEG
제발,MAG,1,0,0,NEG
제수,NNG,0,0,1,POS
제시,NNG,0.2,0.2,0.6,POS
제아무리,MAG,1,0,0,NEG
제안,NNG,0,0,1,POS
제왕,NNG,1,0,0,NEG
제자리,NNG,1,0,0,NEG
제재,NNG,0,0,1,POS
제조,NNG,0,1,0,NEUT
제치,VV,0,0,1,POS
제품,NNG,0,0.666666667,0.333333333,NEUT
제한,NNG,1,0,0,NEG
조,NNB,1,0,0,NEG
조각가,NNG,0,0,1,POS
조건,NNG,0,0,1,POS
조금,MAG,0.5,0.5,0,NEG
조금,NNG,0,0,0.75,POS
조류,NNG,0,0,1,POS
조리기,NNG,0,0,1,POS
조명,NNG,0,0,1,POS
조선,NNP,1,0,0,NEG
조성,NNG,1,0,0,NEG
조속,XR,0,0,1,POS
조언,NNG,0,0,1,POS
조절,NNG,0,0,1,POS
조직,NNG,0.5,0,0.5,NEG
조차,JX,0.5,0,0,NEG
조치,NNG,0.5,0,0.5,NEG
조화,NNG,0,0,1,POS
존경,NNG,0,0,1,POS
존귀,NNG,0,0,1,POS
존재,NNG,0,0,1,POS
존중,NNG,0,0,1,POS
졸,VV,1,0,0,NEG
졸속,NNG,1,0,0,NEG
좀,MAG,0,0,1,POS
좀체,MAG,1,0,0,NEG
좁,VA,1,0,0,NEG
종교인,NNG,0,1,0,NEUT
종류,NNG,0,0,1,POS
종용,NNG,1,0,0,NEG
종합,NNG,0,1,0,NEUT
좋,VA,0.04,0,0.92,POS
좋아하,VV,0,0,1,POS
좌수,NNG,1,0,0,NEG
좌절감,NNG,1,0,0,NEG
좌파,NNG,0,1,0,NEUT
죄,NNG,1,0,0,NEG
죄의식,NNG,1,0,0,NEG
죠,EC,0,0,0,None
죠,EF,0,0,1,POS
주,VV,0.4,0,0.6,POS
주,VX,0.434782609,0,0.52173913,POS
주간,NNG,0,0,1,POS
주검,NNG,0,0,1,POS
주례,NNG,0,0,1,POS
주로,MAG,1,0,0,NEG
주류,NNG,0,0,1,POS
주목,NNG,0.166666667,0.166666667,0.333333333,COMP
주문,NNG,0,0,1,POS
주방,NNG,0,1,0,NEUT
주변,NNG,0,0,1,POS
주선,NNG,0,0,1,POS
주어지,VV,0,0,1,POS
주위,NNG,1,0,0,NEG
주일,NNB,1,0,0,NEG
주입,NNG,1,0,0,NEG
주장,NNG,0.294117647,0.117647059,0.588235294,POS
주저,NNG,0,0,1,POS
주전자,NNG,0,0,1,POS
주창,NNG,0,0,1,POS
주체,NNG,0.25,0,0.75,POS
죽,VV,0.833333333,0,0.166666667,NEG
죽음,NNG,1,0,0,NEG
준비,NNG,0.25,0,0.75,POS
준수,NNG,0,0,1,POS
준엄,XR,0,0,1,POS
줄,NNB,1,0,0,NEG
줄,NNG,1,0,0,NEG
줄,VV,0,0,1,POS
줄곧,MAG,1,0,0,NEG
줄어들,VV,1,0,0,NEG
줄이,VV,0,0,1,POS
줏대,NNG,1,0,0,NEG
중,NNB,0,0,1,POS
중고,NNG,0,0,1,POS
중국,NNG,1,0,0,NEG
중국,NNP,0.5,0,0.5,NEG
중단,NNG,1,0,0,NEG
중대,NNG,1,0,0,NEG
중독,NNG,1,0,0,NEG
중론,NNG,0,1,0,NEUT
중심,NNG,0,0,1,POS
중앙,NNG,0,0,1,POS
중얼거리,VV,1,0,0,NEG
중요,NNG,0,0,1,POS
중요,NNG,0,0,1,POS
중요,XR,0,0,1,POS
중점,NNG,0,0,1,POS
중주단,NNG,0,0,1,POS
중화,NNP,1,0,0,NEG
쥐,VV,0,0,1,POS
즉,MAG,0,0,0,None
즉각,MAG,1,0,0,NEG
즐거움,NNG,0,0,1,POS
즐겁,VA,0,0,1,POS
즐기,VV,0,0,1,POS
증가,NNG,1,0,0,NEG
증명,NNG,0,0,1,POS
증상,NNG,1,0,0,NEG
증언,NNG,0,1,0,NEUT
증여세,NNG,1,0,0,NEG
증폭,NNG,1,0,0,NEG
지,EC,0.638655462,0.016806723,0.294117647,NEG
지,EF,1,0,0,NEG
지,NNG,0.75,0,0.25,NEG
지,NP,1,0,0,NEG
지,VV,1,0,0,NEG
지,VX,0.227272727,0.068181818,0.636363636,POS
지갑,NNG,0,0,1,POS
지겹,VA,1,0,0,NEG
지구,NNG,1,0,0,NEG
지극히,MAG,1,0,0,NEG
지금,MAG,0.666666667,0,0.333333333,NEG
지나,VV,0.333333333,0.166666667,0.333333333,NEG
지나치,VA,1,0,0,NEG
지난,XR,1,0,0,NEG
지난번,NNG,0,0,1,POS
지내,VV,1,0,0,NEG
지니,VV,0,0,1,POS
지르,VV,0,0,1,POS
지만,EC,0.09375,0.03125,0.09375,None
지망,NNG,0,0,1,POS
지방,NNG,0.5,0,0.5,NEG
지배,NNG,1,0,0,NEG
지속,NNG,0.5,0,0.5,NEG
지식,NNG,0.5,0,0.5,NEG
지역,NNG,0,1,0,NEUT
지요,EF,0.333333333,0.333333333,0.333333333,NEG
지우,VV,1,0,0,NEG
지원,NNG,0.5,0,0.5,NEG
지원자,NNG,0,0,1,POS
지위,NNG,0,0,1,POS
지적,NNG,0.9,0.1,0,NEG
지점,NNG,1,0,0,NEG
지정,NNG,0,0,1,POS
지지,NNG,0,0,1,POS
지진,NNG,0,0,1,POS
지치,VV,1,0,0,NEG
지키,VV,0,0,1,POS
지하철,NNG,1,0,0,NEG
지향,NNG,0,0,1,POS
지혜,NNG,0,0,1,POS
지휘자,NNG,0,0,1,POS
직결,NNG,0,0,1,POS
직무,NNG,1,0,0,NEG
직전,NNG,1,0,0,NEG
직접,MAG,0.333333333,0,0.666666667,POS
직접,NNG,1,0,0,NEG
진귀,XR,0,0,1,POS
진단,NNG,0.333333333,0.333333333,0.333333333,NEG
진면목,NNG,0,0,1,POS
진보,NNG,0,0,1,POS
진수,NNG,0,0,1,POS
진실,NNG,0.2,0,0.8,POS
진심,NNG,0,0,1,POS
진원지,NNG,0,0,1,POS
진정,MAG,0,0,1,POS
진정,NNG,1,0,0,NEG
진지,XR,0,0,1,POS
진출,NNG,0,0,1,POS
진통,NNG,1,0,0,NEG
질,NNG,0,0,1,POS
질,XSN,0.75,0,0.25,NEG
질문,NNG,0,1,0,NEUT
질병,NNG,0,0,1,POS
질주,NNG,1,0,0,NEG
질책,NNG,1,0,0,NEG
질타,NNG,1,0,0,NEG
질투,NNG,1,0,0,NEG
질환,NNG,0.5,0.5,0,NEG
집,NNG,0.5,0,0.5,NEG
집,VV,1,0,0,NEG
집단,NNG,0.6,0,0.4,NEG
집대성,NNG,0,0,1,POS
집주인,NNG,0,0,1,POS
집중,NNG,0.5,0,0.5,NEG
집착,NNG,0,0,1,POS
짓,NNG,1,0,0,NEG
징후,NNG,1,0,0,NEG
짙,VA,0,1,0,NEUT
짜리,XSN,1,0,0,NEG
짜이,VV,0,0,1,POS
짝,NNG,1,0,0,NEG
짧,VA,1,0,0,NEG
째,XSN,0,0,1,POS
쪽,NNB,1,0,0,NEG
쪽,NNG,1,0,0,NEG
찢,VV,1,0,0,NEG
찢어지,VV,1,0,0,NEG
차,VV,0.333333333,0,0.666666667,POS
차갑,VA,0,0,1,POS
차단,NNG,1,0,0,NEG
차마,MAG,0,0,0,None
차별,NNG,0.5,0,0.5,NEG
차세대,NNG,0,0,1,POS
차이,NNG,1,0,0,NEG
차지,NNG,0,0,1,POS
차질,NNG,0,0,1,POS
착각,NNG,1,0,0,NEG
착실,XR,0,0,1,POS
착잡,XR,1,0,0,NEG
착하,VA,0,0,1,POS
찬성,NNG,1,0,0,NEG
찬양,NNG,0,0,1,POS
찬찬히,MAG,0,0,1,POS
참,VV,0,0,1,POS
참,MAG,0,0,1,POS
참,NNG,0.5,0,0.5,NEG
참,VV,0,0,1,POS
참가,NNG,1,0,0,NEG
참담,NNG,1,0,0,NEG
참변,NNG,1,0,0,NEG
참여,NNG,0,0,1,POS
창가,NNG,0,1,0,NEUT
창문,NNG,1,0,0,NEG
창시자,NNG,0,0,1,POS
창작,NNG,0,0.5,0.5,NEUT
창작곡,NNG,0,0,1,POS
창조,NNG,1,0,0,NEG
찾,VV,0,0,1,POS
찾아오,VV,0,0,1,POS
채,NNB,1,0,0,NEG
채소,NNG,0,0,1,POS
채용,NNG,1,0,0,NEG
채택,NNG,0,0,1,POS
책,NNG,0.142857143,0.142857143,0.714285714,POS
책임,NNG,1,0,0,NEG
책임자,NNG,0,1,0,NEUT
처럼,JKB,0.444444444,0,0.555555556,POS
처리,NNG,0.5,0.5,0,NEG
처음,NNG,0.285714286,0,0.428571429,POS
처절,XR,1,0,0,NEG
처지,NNG,1,0,0,NEG
처하,VV,1,0,0,NEG
척,NNB,1,0,0,NEG
척박,XR,1,0,0,NEG
천,NR,0.333333333,0,0.666666667,POS
천만,NR,0.5,0,0.5,NEG
천사,NNG,0,0,1,POS
천지,NNG,1,0,0,NEG
천진,NNG,0,0,1,POS
철,NNG,1,0,0,NEG
철이,NNP,1,0,0,NEG
철저,NNG,0,0,1,POS
철저,XR,0,0,1,POS
철학,NNG,0,0,1,POS
첨단,NNG,0,0,1,POS
첫,MM,0.5,0,0.5,NEG
첫걸음,NNG,0,0,1,POS
청,NNG,0,0,1,POS
청구,NNG,1,0,0,NEG
청와대,NNP,0.5,0,0.5,NEG
체,NNB,1,0,0,NEG
체계,NNG,0,0,1,POS
체면,NNG,0,0,1,POS
체제,NNG,1,0,0,NEG
체질,NNG,0,0,1,POS
체험,NNG,0,0,1,POS
초,XPN,0,0,1,POS
초과,NNG,1,0,0,NEG
초기,NNG,1,0,0,NEG
초목,NNG,0,1,0,NEUT
초미,NNG,0,0,0,COMP
초점,NNG,0,0,1,POS
촉구,NNG,0.333333333,0,0.333333333,COMP
촉망,NNG,0,0,1,POS
촉촉,XR,0,0,0,COMP
촌평,NNG,0,1,0,NEUT
촘촘,XR,1,0,0,NEG
총력전,NNG,0,1,0,NEUT
총리,NNG,0,0,1,POS
총살,NNG,1,0,0,NEG
총소리,NNG,0,0,1,POS
촬영,NNG,0,0,1,POS
최,XPN,0,0,1,POS
최고,NNG,0.111111111,0,0.888888889,POS
최근,NNG,0,0,1,POS
최대,NNG,0.333333333,0,0.5,POS
최선,NNG,0,0,1,POS
최소,NNG,0,0,1,POS
최악,NNG,1,0,0,NEG
최저,NNG,0,0,1,POS
최초,NNG,0,0,1,POS
최후,NNG,1,0,0,NEG
쵸티,NNP,0,0,1,POS
추,VV,0,0,1,POS
추격,NNG,1,0,0,NEG
추구,NNG,0,0,1,POS
추락,NNG,1,0,0,NEG
추산,NNG,0,1,0,NEUT
추석,NNG,0,0,1,POS
추억,NNG,0,0,1,POS
추정,NNG,0,0.5,0.5,NEUT
추진,NNG,0.2,0,0.8,POS
추천,NNG,0,0.333333333,0.666666667,POS
축소,NNG,0,0,1,POS
축제,NNG,0,0,1,POS
축하,NNG,1,0,0,NEG
출연,NNG,1,0,0,NEG
출혈,NNG,0,1,0,NEUT
춤,NNG,0,0,1,POS
충격,NNG,1,0,0,NEG
충분,XR,0.5,0,0.5,NEG
충분히,MAG,0,0,1,POS
충실,NNG,0,0,1,POS
충실히,MAG,0,0,1,POS
충족,NNG,0,0,1,POS
취하,VV,1,0,0,NEG
취향,NNG,0,0,1,POS
측면,NNG,0,0,1,POS
치,VV,0,0,0.666666667,POS
치밀,VV,1,0,0,NEG
치열,NNG,0,0.5,0.5,NEUT
치열,XR,0,0,0,COMP
치유,NNG,0,0,1,POS
친근,XR,0,0,1,POS
친근감,NNG,0,0,1,POS
친숙,NNG,0,0,1,POS
친하,VA,0,0,1,POS
침략,NNG,1,0,0,NEG
칭찬,NNG,1,0,0,NEG
카드,NNG,0,0,1,POS
카메라,NNG,0,0,1,POS
칼날,NNG,1,0,0,NEG
캄캄,XR,0,0,1,POS
캐릭터,NNG,0,0,1,POS
커다랗,VA,0.333333333,0,0.666666667,POS
컴플렉스,NNG,1,0,0,NEG
콜럼버스,NNP,1,0,0,NEG
콩,NNG,0,1,0,NEUT
쿠데타,NNG,1,0,0,NEG
큐브,NNG,0,0,1,POS
크,VA,0.482758621,0.068965517,0.448275862,NEG
크림,NNG,0,0,1,POS
큼직,XR,0,0,1,POS
키우,VV,0,0,1,POS
키히카,NNP,1,0,0,NEG
타,VV,0,0,1,POS
타개,NNG,0,0,1,POS
타고나,VV,1,0,0,NEG
타당,XR,0,0,1,POS
타락,NNG,1,0,0,NEG
타의,NNG,0,0,1,POS
타협,NNG,0,0,1,POS
탁월,XR,0,0,1,POS
탄로,NNG,1,0,0,NEG
탄생,NNG,0,0,1,POS
탈피,NNG,0,0,1,POS
탐구,NNG,0,0,1,POS
탐방,NNG,0,0,1,POS
탓,NNG,0.333333333,0,0,None
탕감,NNG,0,0,1,POS
태극기,NNG,0.5,0,0.5,NEG
태도,NNG,0,0,1,POS
태세,NNG,0,0,1,POS
태익,NNP,0,0,1,POS
택하,VV,0,0,1,POS
터,NNB,0,0,0,None
터,NNG,0,0,1,POS
터무니,NNG,1,0,0,NEG
터번,NNG,0,0,1,POS
턱,NNB,1,0,0,NEG
털,VV,0,0,1,POS
테러,NNG,1,0,0,NEG
텍스트,NNG,0,0,1,POS
토끼,NNG,0,0,1,POS
토론,NNG,0,0,0.5,COMP
토인비,NNP,0,1,0,NEUT
토하,VV,0.333333333,0.666666667,0,NEUT
통곡,NNG,1,0,0,NEG
통로,NNG,0,0,1,POS
통속,NNG,0,1,0,NEUT
통제,NNG,1,0,0,NEG
통증,NNG,0,1,0,NEUT
통찰,NNG,0,0,1,POS
통찰력,NNG,0,0,1,POS
통첩,NNG,1,0,0,NEG
통하,VV,1,0,0,NEG
통화,NNG,0,0,1,POS
퇴보,NNG,1,0,0,NEG
퇴색,NNG,1,0,0,NEG
퇴조,NNG,1,0,0,NEG
퇴폐,NNG,1,0,0,NEG
투게더,NNG,0,0,1,POS
투사,NNG,1,0,0,NEG
투성이,XSN,0.5,0.5,0,NEG
투쟁,NNG,1,0,0,NEG
튀,VV,0.5,0,0.5,NEG
튀어나오,VV,1,0,0,NEG
특급,NNG,0,0,1,POS
특성,NNG,0,0,1,POS
특수,NNG,0,0,1,POS
특유,NNG,0,0,1,POS
특이,NNG,0,0,1,POS
특집,NNG,0,0,1,POS
특징,NNG,0,0,1,POS
특출,XR,1,0,0,NEG
특허,NNG,1,0,0,NEG
특히,MAG,0.1,0.05,0.1,None
틀,NNG,0,0,1,POS
틈바구니,NNG,1,0,0,NEG
파격,NNG,0,0,1,POS
파고들,VV,0,0,1,POS
파괴,NNG,1,0,0,NEG
파멸,NNG,1,0,0,NEG
파문,NNG,1,0,0,NEG
파스텔,NNG,1,0,0,NEG
파악,NNG,1,0,0,NEG
파열,NNG,1,0,0,NEG
판,NNG,0.333333333,0,0.666666667,POS
판단,NNG,0.333333333,0.666666667,0,NEUT
판매,NNG,0,0,1,POS
판매량,NNG,0,0,1,POS
판명,NNG,0,0,1,POS
판정,NNG,1,0,0,NEG
팔,VV,0.666666667,0,0.333333333,NEG
팔리,VV,0.5,0,0.5,NEG
패,VV,1,0,0,NEG
퍼먹,VV,1,0,0,NEG
퍼지,VV,0,0,1,POS
펄펄,MAG,0,0,1,POS
페놀,NNG,1,0,0,NEG
편,NNB,0,0.333333333,0.666666667,POS
편견,NNG,0.666666667,0,0.333333333,NEG
편리,NNG,0,0,1,POS
편모,NNG,1,0,0,NEG
편안,NNG,0,0,0.666666667,POS
편중,NNG,0,1,0,NEUT
편차,NNG,1,0,0,NEG
편파,NNG,1,0,0,NEG
편하,VA,0,0,1,POS
편향,NNG,1,0,0,NEG
펼치,VV,0,0,1,POS
평가,NNG,0.125,0.25,0.5,POS
평등,NNG,0,0,1,POS
평론가,NNG,0,0,1,POS
평범,XR,0,1,0,NEUT
평하,VV,0,0,1,POS
평화,NNG,0,0,1,POS
폐단,NNG,1,0,0,NEG
폐렴,NNG,0.5,0,0.5,NEG
폐지,NNG,0.666666667,0,0.333333333,NEG
포기,NNG,1,0,0,NEG
포도주,NNG,0,0,1,POS
포장,NNG,0.875,0,0.125,NEG
폭,NNG,0,0,1,POS
폭넓,VA,0,0,1,POS
폭력,NNG,1,0,0,NEG
폭발,NNG,0,0,1,POS
폭행,NNG,1,0,0,NEG
표상,NNG,1,0,0,NEG
표시,NNG,1,0,0,NEG
표어,NNG,0,0,1,POS
표창,NNG,0,0,1,POS
푸,VV,1,0,0,NEG
푹,MAG,0,0,1,POS
푼수,NNG,1,0,0,NEG
풀,VV,0,0,1,POS
풀려나,VV,0,0,1,POS
풀리,VV,0.5,0,0.5,NEG
풀벌레,NNG,0,0,1,POS
풀어지,VV,0,0,1,POS
풀이,NNG,1,0,0,NEG
풀타임,NNG,0,0,1,POS
품질,NNG,0,0,1,POS
풋풋,XR,0,0,1,POS
풍,XSN,0,0,1,POS
풍경,NNG,0,0,1,POS
풍물,NNG,0,0,1,POS
풍성,XR,0,0,1,POS
풍요,NNG,0,0,1,POS
프랑스,NNP,0,0,1,POS
프로,NNG,0,0,1,POS
프로이트,NNP,1,0,0,NEG
프로젝트,NNG,1,0,0,NEG
피,NNG,1,0,0,NEG
피부,NNG,0,0,1,POS
피서,NNG,0,0,1,POS
피식,MAG,0,0,1,POS
피어나,VV,0,0,1,POS
피우,VV,0.333333333,0,0.666666667,POS
피하,VV,0,0,1,POS
피해,NNG,1,0,0,NEG
피해자,NNG,1,0,0,NEG
필기,NNG,1,0,0,NEG
필수,NNG,0,0,1,POS
필연,NNG,0,0,1,POS
필요,NNG,0.260869565,0.043478261,0.652173913,POS
핍박,NNG,1,0,0,NEG
하,VV,0.25,0.25,0.5,POS
하,VX,0,0,0,None
하,XSA,1,0,0,NEG
하,XSV,1,0,0,NEG
하,VV,0.402298851,0.068965517,0.32183908,NEG
하,VX,0.111111111,0.013888889,0.25,None
하,XSA,0.306306306,0.033033033,0.612612613,POS
하,XSV,0.352688172,0.083870968,0.516129032,POS
하고,JC,1,0,0,NEG
하고,JKB,1,0,0,NEG
하나,NR,0.142857143,0.142857143,0.714285714,POS
하늘,NNG,0.6,0.2,0.2,NEG
하루,NNG,0,0.5,0,COMP
하루빨리,MAG,0,0,1,POS
하이라이트,NNG,0,0,1,POS
하지만,MAJ,0.1,0,0.1,None
하향세,NNG,1,0,0,NEG
학년,NNG,1,0,0,NEG
학대,NNG,1,0,0,NEG
학생,NNG,1,0,0,NEG
학술,NNG,0,0,1,POS
학습,NNG,0,0,1,POS
학원,NNG,0,0,1,POS
한,MM,1,0,0,NEG
한,MM,0.368421053,0,0.578947368,POS
한,NNG,0.333333333,0,0.333333333,NEG
한,NNP,1,0,0,NEG
한,XPN,0,0,1,POS
한가,XR,0,0,1,POS
한가로이,MAG,0,0,1,POS
한가지,NNG,1,0,0,NEG
한결같이,MAG,0,0,1,POS
한계,NNG,1,0,0,NEG
한과,NNG,0,0,1,POS
한국,NNP,0,0.25,0.75,POS
한달음,NNG,0,0,1,POS
한데,MAG,0,0,1,POS
한마디,NNG,0,0,0,COMP
한문학,NNG,1,0,0,NEG
한민족,NNP,0,0,1,POS
한술,NNG,1,0,0,NEG
한숨짓,VV,1,0,0,NEG
한자,NNG,0.5,0,0.5,NEG
한창,MAG,1,0,0,NEG
한층,MAG,0,0,1,POS
한탄,NNG,1,0,0,NEG
한판,NNG,0,0.5,0.5,NEUT
한편,MAG,0,0,0,None
한편,NNG,0,0,0,None
할리우드,NNP,1,0,0,NEG
함께,MAG,0.2,0,0.6,POS
함성,NNG,0,0,1,POS
함정,NNG,1,0,0,NEG
합의,NNG,0,0,1,POS
항균,NNG,0,0,1,POS
항상,MAG,0,0,1,POS
항생,NNG,0,0,1,POS
해,NNG,0,1,0,NEUT
해결,NNG,0,0,1,POS
해독,NNG,1,0,0,NEG
해명,NNG,0,1,0,NEUT
해방,NNG,1,0,0,NEG
해방감,NNG,0,0,1,POS
해보,VV,0,0.5,0,NEUT
해석,NNG,0,0,0,COMP
해소,NNG,0,0,1,POS
해외,NNG,0,0.5,0.5,NEUT
해이,NNG,1,0,0,NEG
해저,NNG,0,0,1,POS
해적,NNG,1,0,0,NEG
해피,NNG,0,0,1,POS
해학,NNG,0,0,1,POS
핵심,NNG,1,0,0,NEG
햇곡식,NNG,0,0,1,POS
햇살,NNG,0,0,1,POS
행각,NNG,1,0,0,NEG
행동,NNG,1,0,0,NEG
행복,NNG,0.333333333,0,0.666666667,POS
행사,NNG,0.2,0,0.8,POS
행세,NNG,1,0,0,NEG
행위,NNG,1,0,0,NEG
행정,NNG,0,0,1,POS
행태,NNG,1,0,0,NEG
향기,NNG,0,0,1,POS
향상,NNG,0,0,1,POS
향하,VV,0,0,1,POS
허구,NNG,0,0,1,POS
허다,XR,1,0,0,NEG
허둥대,VV,1,0,0,NEG
허리,NNG,1,0,0,NEG
허물,VV,0,0,1,POS
허우적거리,VV,1,0,0,NEG
허위,NNG,1,0,0,NEG
허위의식,NNG,1,0,0,NEG
허점,NNG,1,0,0,NEG
헤아리,VV,1,0,0,NEG
혀,NNG,1,0,0,NEG
현대,NNG,0,0,1,POS
현란,NNG,1,0,0,NEG
현란,XR,0,0,1,POS
현실,NNG,0.4,0,0.5,POS
현악,NNG,0,0,1,POS
현재,NNG,0.5,0,0.5,NEG
혈액,NNG,1,0,0,NEG
혐의,NNG,0.833333333,0.166666667,0,NEG
협력,NNG,0,0,1,POS
협박,NNG,0.5,0,0.5,NEG
협심증,NNG,0,1,0,NEUT
협의,NNG,0.333333333,0,0.333333333,COMP
협조자,NNG,0,0,1,POS
형,XSN,0,0,1,POS
형식,NNG,0.333333333,0,0.666666667,POS
형제,NNG,0,0,1,POS
형제애,NNG,0,0,1,POS
형태,NNG,1,0,0,NEG
형편,NNG,1,0,0,NEG
호,NNB,0,0,1,POS
호감,NNG,0,0,1,POS
호기심,NNG,0,0,1,POS
호박,NNG,0,0,1,POS
호박고지,NNG,0,0,1,POS
호소,NNG,0.5,0,0.5,NEG
호응,NNG,0.5,0,0.5,NEG
호전,NNG,1,0,0,NEG
호텔,NNG,0,1,0,NEUT
호흡,NNG,0,1,0,NEUT
혹시,MAG,0.5,0,0.5,NEG
혹은,MAG,0,0,1,POS
혼,NNG,0.5,0,0.5,NEG
혼나,VV,1,0,0,NEG
혼란,NNG,1,0,0,NEG
혼자,NNG,1,0,0,NEG
홀가분,XR,0,0,1,POS
홀아비,NNG,1,0,0,NEG
홍보,NNG,1,0,0,NEG
홍역,NNG,1,0,0,NEG
화,XSN,0.4,0,0.56,POS
화급,NNG,0,0,1,POS
화려,XR,0,0,1,POS
화상,NNG,1,0,0,NEG
화장실,NNG,0,1,0,NEUT
화장품,NNG,0,0,1,POS
화재,NNG,1,0,0,NEG
화제,NNG,0,0,1,POS
화합,NNG,0,0,1,POS
확대,NNG,0,0,1,POS
확보,NNG,0,0,1,POS
확산,NNG,0,0,1,POS
확신,NNG,0,0,1,POS
확실,XR,0.5,0,0.5,NEG
확실히,MAG,1,0,0,NEG
확인,NNG,0.8,0,0.2,NEG
환경,NNG,1,0,0,NEG
환골탈태,NNG,0,0,1,POS
환불,NNG,1,0,0,NEG
환상,NNG,0,0.25,0.75,POS
환영,NNG,0,0,1,POS
환자,NNG,1,0,0,NEG
환하,VA,0,0,1,POS
환호,NNG,0,0,1,POS
환희,NNG,0,0,1,POS
활기,NNG,0,0,1,POS
활달,XR,0,0,1,POS
활동,NNG,0,0,1,POS
활발,XR,0,0,1,POS
활성,NNG,0.25,0,0.75,POS
활용,NNG,0,0,1,POS
활짝,MAG,0,0,1,POS
황금기,NNG,0,0,1,POS
황당,XR,1,0,0,NEG
황폐,XR,1,0,0,NEG
황홀,XR,0,0,1,POS
회,NNB,0,0,1,POS
회귀,NNG,0,0,1,POS
회생,NNG,1,0,0,NEG
회피,NNG,1,0,0,NEG
회화,NNG,0,0,1,POS
획일,XR,0.5,0,0.5,NEG
횡설수설,NNG,1,0,0,NEG
횡행,NNG,1,0,0,NEG
효과,NNG,0,0,1,POS
효도,NNG,0,0,1,POS
효율,NNG,0.333333333,0,0.666666667,POS
후,NNG,0.5,0,0.5,NEG
훈훈,XR,0,0,1,POS
훌륭,XR,0,0,1,POS
훌륭히,MAG,1,0,0,NEG
훌쩍,MAG,0,0,1,POS
훤히,MAG,0,0,1,POS
훨씬,MAG,0.333333333,0,0.666666667,POS
휩싸이,VV,1,0,0,NEG
휴식,NNG,1,0,0,NEG
흉내,NNG,0.333333333,0,0.666666667,POS
흐르,VV,0.8,0,0.2,NEG
흐름,NNG,0,0,0,COMP
흑인,NNG,0,0,1,POS
흔들,VV,1,0,0,NEG
흔들리,VV,1,0,0,NEG
흔하,VA,1,0,0,NEG
흔히,MAG,0,0.333333333,0.333333333,NEUT
흘러가,VV,1,0,0,NEG
흘려주,VV,0,0,1,POS
흘리,VV,1,0,0,NEG
흙탕물,NNG,1,0,0,NEG
흠모,NNG,0,0,1,POS
흡수,NNG,0,0,1,POS
흥겹,VA,0,0,1,POS
흥미,NNG,0,0,1,POS
흥미진진,XR,0,0,1,POS
흥취,NNG,0,0,1,POS
흥하,VV,0,0,1,POS
흥행,NNG,0,0,1,POS
희극,NNG,0.5,0,0.5,NEG
희망,NNG,0,0,1,POS
희박,XR,1,0,0,NEG
희생,NNG,0,0,1,POS
희생자,NNG,1,0,0,NEG
희소식,NNG,0,0,1,POS
히스테리,NNG,1,0,0,NEG
힘,NNG,0.142857143,0,0.857142857,POS
힘겹,VA,1,0,0,NEG
힘들,VA,0.75,0,0.25,NEG
힘차,VA,1,0,0,NEG
